Total Memory: 7.692127227783203
Free Memory: 0.9191932678222656
Platform: win32
Uptime: 0.34626722222222217
CPU Model: 12th Gen Intel(R) Core(TM) i5-1235U

Total Memory: 7.692127227783203
Free Memory: 0.9203262329101562
Platform: win32
Uptime: 0.34766055555555553
CPU Model: 12th Gen Intel(R) Core(TM) i5-1235U

Total Memory: 7.692127227783203
Free Memory: 0.9585609436035156
Platform: win32
Uptime: 0.3490494444444444
CPU Model: 12th Gen Intel(R) Core(TM) i5-1235U

Total Memory: 7.692127227783203
Free Memory: 0.99322509765625
Platform: win32
Uptime: 0.35044250000000005
CPU Model: 12th Gen Intel(R) Core(TM) i5-1235U

Total Memory: 7.692127227783203
Free Memory: 0.7832756042480469
Platform: win32
Uptime: 0.35183138888888893
CPU Model: 12th Gen Intel(R) Core(TM) i5-1235U

Total Memory: 7.692127227783203
Free Memory: 0.7171058654785156
Platform: win32
Uptime: 0.3532247222222222
CPU Model: 12th Gen Intel(R) Core(TM) i5-1235U

Total Memory: 7.692127227783203
Free Memory: 0.7373046875
Platform: win32
Uptime: 0.3546136111111111
CPU Model: 12th Gen Intel(R) Core(TM) i5-1235U

Total Memory: 7.692127227783203
Free Memory: 0.6649398803710938
Platform: win32
Uptime: 0.3560069444444444
CPU Model: 12th Gen Intel(R) Core(TM) i5-1235U

Total Memory: 7.692127227783203
Free Memory: 0.6338233947753906
Platform: win32
Uptime: 0.35739583333333336
CPU Model: 12th Gen Intel(R) Core(TM) i5-1235U

Total Memory: 7.692127227783203
Free Memory: 0.5466232299804688
Platform: win32
Uptime: 0.35878472222222224
CPU Model: 12th Gen Intel(R) Core(TM) i5-1235U

Total Memory: 7.692127227783203
Free Memory: 0.559326171875
Platform: win32
Uptime: 0.3601777777777778
CPU Model: 12th Gen Intel(R) Core(TM) i5-1235U

Total Memory: 7.692127227783203
Free Memory: 0.5250358581542969
Platform: win32
Uptime: 0.3615666666666667
CPU Model: 12th Gen Intel(R) Core(TM) i5-1235U

Total Memory: 7.692127227783203
Free Memory: 0.8408126831054688
Platform: win32
Uptime: 0.36296
CPU Model: 12th Gen Intel(R) Core(TM) i5-1235U

Total Memory: 7.692127227783203
Free Memory: 0.8235092163085938
Platform: win32
Uptime: 0.3643488888888889
CPU Model: 12th Gen Intel(R) Core(TM) i5-1235U

Total Memory: 7.692127227783203
Free Memory: 1.0013809204101562
Platform: win32
Uptime: 0.3657377777777778
CPU Model: 12th Gen Intel(R) Core(TM) i5-1235U

Total Memory: 7.692127227783203
Free Memory: 1.0706253051757812
Platform: win32
Uptime: 0.36713083333333335
CPU Model: 12th Gen Intel(R) Core(TM) i5-1235U

Total Memory: 7.692127227783203
Free Memory: 1.3375892639160156
Platform: win32
Uptime: 0.36851972222222223
CPU Model: 12th Gen Intel(R) Core(TM) i5-1235U

Total Memory: 7.692127227783203
Free Memory: 1.3600273132324219
Platform: win32
Uptime: 0.3699086111111111
CPU Model: 12th Gen Intel(R) Core(TM) i5-1235U

Total Memory: 7.692127227783203
Free Memory: 1.3505706787109375
Platform: win32
Uptime: 0.3713019444444444
CPU Model: 12th Gen Intel(R) Core(TM) i5-1235U

Total Memory: 7.692127227783203
Free Memory: 1.350921630859375
Platform: win32
Uptime: 0.3726908333333333
CPU Model: 12th Gen Intel(R) Core(TM) i5-1235U

Total Memory: 7.692127227783203
Free Memory: 1.3460845947265625
Platform: win32
Uptime: 0.37408416666666666
CPU Model: 12th Gen Intel(R) Core(TM) i5-1235U

Total Memory: 7.692127227783203
Free Memory: 1.1987762451171875
Platform: win32
Uptime: 0.37547722222222224
CPU Model: 12th Gen Intel(R) Core(TM) i5-1235U

Total Memory: 7.692127227783203
Free Memory: 1.1919937133789062
Platform: win32
Uptime: 0.3768661111111111
CPU Model: 12th Gen Intel(R) Core(TM) i5-1235U

Total Memory: 7.692127227783203
Free Memory: 1.1932868957519531
Platform: win32
Uptime: 0.378255
CPU Model: 12th Gen Intel(R) Core(TM) i5-1235U

Total Memory: 7.692127227783203
Free Memory: 1.1818313598632812
Platform: win32
Uptime: 0.3796483333333333
CPU Model: 12th Gen Intel(R) Core(TM) i5-1235U

Total Memory: 7.692127227783203
Free Memory: 1.1788520812988281
Platform: win32
Uptime: 0.38104166666666667
CPU Model: 12th Gen Intel(R) Core(TM) i5-1235U

Total Memory: 7.692127227783203
Free Memory: 1.1802024841308594
Platform: win32
Uptime: 0.38243055555555555
CPU Model: 12th Gen Intel(R) Core(TM) i5-1235U

Total Memory: 7.692127227783203
Free Memory: 1.1792106628417969
Platform: win32
Uptime: 0.38382361111111113
CPU Model: 12th Gen Intel(R) Core(TM) i5-1235U

Total Memory: 7.692127227783203
Free Memory: 1.1730690002441406
Platform: win32
Uptime: 0.3852125
CPU Model: 12th Gen Intel(R) Core(TM) i5-1235U

Total Memory: 7.692127227783203
Free Memory: 1.1718215942382812
Platform: win32
Uptime: 0.3866013888888889
CPU Model: 12th Gen Intel(R) Core(TM) i5-1235U

Total Memory: 7.692127227783203
Free Memory: 1.2078819274902344
Platform: win32
Uptime: 0.3879902777777778
CPU Model: 12th Gen Intel(R) Core(TM) i5-1235U

Total Memory: 7.692127227783203
Free Memory: 1.2017326354980469
Platform: win32
Uptime: 0.3893791666666667
CPU Model: 12th Gen Intel(R) Core(TM) i5-1235U

Total Memory: 7.692127227783203
Free Memory: 1.1906814575195312
Platform: win32
Uptime: 0.39077249999999997
CPU Model: 12th Gen Intel(R) Core(TM) i5-1235U

Total Memory: 7.692127227783203
Free Memory: 1.1887855529785156
Platform: win32
Uptime: 0.39216138888888885
CPU Model: 12th Gen Intel(R) Core(TM) i5-1235U

Total Memory: 7.692127227783203
Free Memory: 1.1808547973632812
Platform: win32
Uptime: 0.3935502777777778
CPU Model: 12th Gen Intel(R) Core(TM) i5-1235U

Total Memory: 7.692127227783203
Free Memory: 1.1862411499023438
Platform: win32
Uptime: 0.39494333333333337
CPU Model: 12th Gen Intel(R) Core(TM) i5-1235U

Total Memory: 7.692127227783203
Free Memory: 1.1830978393554688
Platform: win32
Uptime: 0.39633222222222225
CPU Model: 12th Gen Intel(R) Core(TM) i5-1235U

Total Memory: 7.692127227783203
Free Memory: 1.1851158142089844
Platform: win32
Uptime: 0.39772555555555555
CPU Model: 12th Gen Intel(R) Core(TM) i5-1235U

Total Memory: 7.692127227783203
Free Memory: 1.1858673095703125
Platform: win32
Uptime: 0.39911444444444444
CPU Model: 12th Gen Intel(R) Core(TM) i5-1235U

Total Memory: 7.692127227783203
Free Memory: 1.1775016784667969
Platform: win32
Uptime: 0.4005077777777778
CPU Model: 12th Gen Intel(R) Core(TM) i5-1235U

Total Memory: 7.692127227783203
Free Memory: 1.1803855895996094
Platform: win32
Uptime: 0.4018966666666667
CPU Model: 12th Gen Intel(R) Core(TM) i5-1235U

Total Memory: 7.692127227783203
Free Memory: 1.1824378967285156
Platform: win32
Uptime: 0.40328972222222226
CPU Model: 12th Gen Intel(R) Core(TM) i5-1235U

Total Memory: 7.692127227783203
Free Memory: 1.1821060180664062
Platform: win32
Uptime: 0.40467861111111114
CPU Model: 12th Gen Intel(R) Core(TM) i5-1235U

Total Memory: 7.692127227783203
Free Memory: 1.1824798583984375
Platform: win32
Uptime: 0.40607194444444444
CPU Model: 12th Gen Intel(R) Core(TM) i5-1235U

Total Memory: 7.692127227783203
Free Memory: 1.1810379028320312
Platform: win32
Uptime: 0.4074608333333333
CPU Model: 12th Gen Intel(R) Core(TM) i5-1235U

Total Memory: 7.692127227783203
Free Memory: 1.2073860168457031
Platform: win32
Uptime: 0.4088541666666667
CPU Model: 12th Gen Intel(R) Core(TM) i5-1235U

Total Memory: 7.692127227783203
Free Memory: 1.190826416015625
Platform: win32
Uptime: 0.41024305555555557
CPU Model: 12th Gen Intel(R) Core(TM) i5-1235U

Total Memory: 7.692127227783203
Free Memory: 1.1880455017089844
Platform: win32
Uptime: 0.41163194444444445
CPU Model: 12th Gen Intel(R) Core(TM) i5-1235U

Total Memory: 7.692127227783203
Free Memory: 1.2046432495117188
Platform: win32
Uptime: 0.41302083333333334
CPU Model: 12th Gen Intel(R) Core(TM) i5-1235U

Total Memory: 7.692127227783203
Free Memory: 1.1889228820800781
Platform: win32
Uptime: 0.4144138888888889
CPU Model: 12th Gen Intel(R) Core(TM) i5-1235U

Total Memory: 7.692127227783203
Free Memory: 1.1908988952636719
Platform: win32
Uptime: 0.4158072222222222
CPU Model: 12th Gen Intel(R) Core(TM) i5-1235U

Total Memory: 7.692127227783203
Free Memory: 1.1709098815917969
Platform: win32
Uptime: 0.4171961111111111
CPU Model: 12th Gen Intel(R) Core(TM) i5-1235U

Total Memory: 7.692127227783203
Free Memory: 1.1749649047851562
Platform: win32
Uptime: 0.4185891666666667
CPU Model: 12th Gen Intel(R) Core(TM) i5-1235U

Total Memory: 7.692127227783203
Free Memory: 1.1742362976074219
Platform: win32
Uptime: 0.4199825
CPU Model: 12th Gen Intel(R) Core(TM) i5-1235U

Total Memory: 7.692127227783203
Free Memory: 1.1697731018066406
Platform: win32
Uptime: 0.42137138888888886
CPU Model: 12th Gen Intel(R) Core(TM) i5-1235U

Total Memory: 7.692127227783203
Free Memory: 1.1752815246582031
Platform: win32
Uptime: 0.42276027777777775
CPU Model: 12th Gen Intel(R) Core(TM) i5-1235U

Total Memory: 7.692127227783203
Free Memory: 1.1716384887695312
Platform: win32
Uptime: 0.4241536111111111
CPU Model: 12th Gen Intel(R) Core(TM) i5-1235U

Total Memory: 7.692127227783203
Free Memory: 1.179595947265625
Platform: win32
Uptime: 0.4255466666666667
CPU Model: 12th Gen Intel(R) Core(TM) i5-1235U

Total Memory: 7.692127227783203
Free Memory: 1.1844215393066406
Platform: win32
Uptime: 0.42694
CPU Model: 12th Gen Intel(R) Core(TM) i5-1235U

Total Memory: 7.692127227783203
Free Memory: 1.1762313842773438
Platform: win32
Uptime: 0.42832888888888887
CPU Model: 12th Gen Intel(R) Core(TM) i5-1235U

Total Memory: 7.692127227783203
Free Memory: 1.1740875244140625
Platform: win32
Uptime: 0.42971777777777775
CPU Model: 12th Gen Intel(R) Core(TM) i5-1235U

Total Memory: 7.692127227783203
Free Memory: 1.1702842712402344
Platform: win32
Uptime: 0.4311111111111111
CPU Model: 12th Gen Intel(R) Core(TM) i5-1235U

Total Memory: 7.692127227783203
Free Memory: 1.1714591979980469
Platform: win32
Uptime: 0.4325
CPU Model: 12th Gen Intel(R) Core(TM) i5-1235U

Total Memory: 7.692127227783203
Free Memory: 1.1699028015136719
Platform: win32
Uptime: 0.4338930555555556
CPU Model: 12th Gen Intel(R) Core(TM) i5-1235U

Total Memory: 7.692127227783203
Free Memory: 1.1707077026367188
Platform: win32
Uptime: 0.4352863888888889
CPU Model: 12th Gen Intel(R) Core(TM) i5-1235U

Total Memory: 7.692127227783203
Free Memory: 1.171722412109375
Platform: win32
Uptime: 0.43667527777777776
CPU Model: 12th Gen Intel(R) Core(TM) i5-1235U

Total Memory: 7.692127227783203
Free Memory: 1.0655441284179688
Platform: win32
Uptime: 0.43806416666666664
CPU Model: 12th Gen Intel(R) Core(TM) i5-1235U

Total Memory: 7.692127227783203
Free Memory: 1.0297126770019531
Platform: win32
Uptime: 0.4394572222222222
CPU Model: 12th Gen Intel(R) Core(TM) i5-1235U

Total Memory: 7.692127227783203
Free Memory: 0.9806480407714844
Platform: win32
Uptime: 0.4408461111111111
CPU Model: 12th Gen Intel(R) Core(TM) i5-1235U

Total Memory: 7.692127227783203
Free Memory: 0.9590339660644531
Platform: win32
Uptime: 0.442235
CPU Model: 12th Gen Intel(R) Core(TM) i5-1235U

Total Memory: 7.692127227783203
Free Memory: 0.9573974609375
Platform: win32
Uptime: 0.44362388888888893
CPU Model: 12th Gen Intel(R) Core(TM) i5-1235U

Total Memory: 7.692127227783203
Free Memory: 0.9698944091796875
Platform: win32
Uptime: 0.4450172222222222
CPU Model: 12th Gen Intel(R) Core(TM) i5-1235U

Total Memory: 7.692127227783203
Free Memory: 1.0056800842285156
Platform: win32
Uptime: 0.44640611111111106
CPU Model: 12th Gen Intel(R) Core(TM) i5-1235U

Total Memory: 7.692127227783203
Free Memory: 0.9767036437988281
Platform: win32
Uptime: 0.4477994444444444
CPU Model: 12th Gen Intel(R) Core(TM) i5-1235U

Total Memory: 7.692127227783203
Free Memory: 1.0699920654296875
Platform: win32
Uptime: 0.4491883333333333
CPU Model: 12th Gen Intel(R) Core(TM) i5-1235U

Total Memory: 7.692127227783203
Free Memory: 1.1920204162597656
Platform: win32
Uptime: 0.45058138888888893
CPU Model: 12th Gen Intel(R) Core(TM) i5-1235U

Total Memory: 7.692127227783203
Free Memory: 1.18646240234375
Platform: win32
Uptime: 0.4519747222222222
CPU Model: 12th Gen Intel(R) Core(TM) i5-1235U

Total Memory: 7.692127227783203
Free Memory: 1.17218017578125
Platform: win32
Uptime: 0.45336361111111106
CPU Model: 12th Gen Intel(R) Core(TM) i5-1235U

Total Memory: 7.692127227783203
Free Memory: 1.1621856689453125
Platform: win32
Uptime: 0.4547525
CPU Model: 12th Gen Intel(R) Core(TM) i5-1235U

Total Memory: 7.692127227783203
Free Memory: 1.1840934753417969
Platform: win32
Uptime: 0.4561413888888889
CPU Model: 12th Gen Intel(R) Core(TM) i5-1235U

Total Memory: 7.692127227783203
Free Memory: 1.1764068603515625
Platform: win32
Uptime: 0.45753472222222225
CPU Model: 12th Gen Intel(R) Core(TM) i5-1235U

Total Memory: 7.692127227783203
Free Memory: 1.1938133239746094
Platform: win32
Uptime: 0.4589277777777778
CPU Model: 12th Gen Intel(R) Core(TM) i5-1235U

Total Memory: 7.692127227783203
Free Memory: 1.220672607421875
Platform: win32
Uptime: 0.4603166666666667
CPU Model: 12th Gen Intel(R) Core(TM) i5-1235U

Total Memory: 7.692127227783203
Free Memory: 1.2158851623535156
Platform: win32
Uptime: 0.46171
CPU Model: 12th Gen Intel(R) Core(TM) i5-1235U

Total Memory: 7.692127227783203
Free Memory: 1.2147178649902344
Platform: win32
Uptime: 0.4631030555555556
CPU Model: 12th Gen Intel(R) Core(TM) i5-1235U

Total Memory: 7.692127227783203
Free Memory: 1.2180213928222656
Platform: win32
Uptime: 0.46449194444444447
CPU Model: 12th Gen Intel(R) Core(TM) i5-1235U

Total Memory: 7.692127227783203
Free Memory: 1.1961784362792969
Platform: win32
Uptime: 0.4658852777777778
CPU Model: 12th Gen Intel(R) Core(TM) i5-1235U

Total Memory: 7.692127227783203
Free Memory: 1.1624221801757812
Platform: win32
Uptime: 0.46727861111111113
CPU Model: 12th Gen Intel(R) Core(TM) i5-1235U

Total Memory: 7.692127227783203
Free Memory: 1.1648216247558594
Platform: win32
Uptime: 0.4686675
CPU Model: 12th Gen Intel(R) Core(TM) i5-1235U

Total Memory: 7.692127227783203
Free Memory: 1.177276611328125
Platform: win32
Uptime: 0.4700563888888889
CPU Model: 12th Gen Intel(R) Core(TM) i5-1235U

Total Memory: 7.692127227783203
Free Memory: 1.1815910339355469
Platform: win32
Uptime: 0.4714494444444445
CPU Model: 12th Gen Intel(R) Core(TM) i5-1235U

Total Memory: 7.692127227783203
Free Memory: 1.2049484252929688
Platform: win32
Uptime: 0.47283833333333336
CPU Model: 12th Gen Intel(R) Core(TM) i5-1235U

Total Memory: 7.692127227783203
Free Memory: 1.0361251831054688
Platform: win32
Uptime: 0.47423166666666666
CPU Model: 12th Gen Intel(R) Core(TM) i5-1235U

Total Memory: 7.692127227783203
Free Memory: 1.1133003234863281
Platform: win32
Uptime: 0.47562055555555555
CPU Model: 12th Gen Intel(R) Core(TM) i5-1235U

Total Memory: 7.692127227783203
Free Memory: 0.9526100158691406
Platform: win32
Uptime: 0.47700944444444443
CPU Model: 12th Gen Intel(R) Core(TM) i5-1235U

Total Memory: 7.692127227783203
Free Memory: 1.2722129821777344
Platform: win32
Uptime: 0.4783983333333333
CPU Model: 12th Gen Intel(R) Core(TM) i5-1235U

Total Memory: 7.692127227783203
Free Memory: 1.2321090698242188
Platform: win32
Uptime: 0.47979166666666667
CPU Model: 12th Gen Intel(R) Core(TM) i5-1235U

Total Memory: 7.692127227783203
Free Memory: 1.2337608337402344
Platform: win32
Uptime: 0.48118055555555556
CPU Model: 12th Gen Intel(R) Core(TM) i5-1235U

Total Memory: 7.692127227783203
Free Memory: 1.2129898071289062
Platform: win32
Uptime: 0.48257361111111113
CPU Model: 12th Gen Intel(R) Core(TM) i5-1235U

Total Memory: 7.692127227783203
Free Memory: 1.2183189392089844
Platform: win32
Uptime: 0.4839625
CPU Model: 12th Gen Intel(R) Core(TM) i5-1235U

Total Memory: 7.692127227783203
Free Memory: 1.0692558288574219
Platform: win32
Uptime: 0.4853513888888889
CPU Model: 12th Gen Intel(R) Core(TM) i5-1235U

Total Memory: 7.692127227783203
Free Memory: 0.9166641235351562
Platform: win32
Uptime: 0.4867447222222222
CPU Model: 12th Gen Intel(R) Core(TM) i5-1235U

Total Memory: 7.692127227783203
Free Memory: 0.9126205444335938
Platform: win32
Uptime: 0.4881377777777778
CPU Model: 12th Gen Intel(R) Core(TM) i5-1235U

Total Memory: 7.692127227783203
Free Memory: 0.91986083984375
Platform: win32
Uptime: 0.4895311111111111
CPU Model: 12th Gen Intel(R) Core(TM) i5-1235U

Total Memory: 7.692127227783203
Free Memory: 0.9443588256835938
Platform: win32
Uptime: 0.49091999999999997
CPU Model: 12th Gen Intel(R) Core(TM) i5-1235U

Total Memory: 7.692127227783203
Free Memory: 1.0237197875976562
Platform: win32
Uptime: 0.49230888888888885
CPU Model: 12th Gen Intel(R) Core(TM) i5-1235U

Total Memory: 7.692127227783203
Free Memory: 1.0486106872558594
Platform: win32
Uptime: 0.4937022222222222
CPU Model: 12th Gen Intel(R) Core(TM) i5-1235U

Total Memory: 7.692127227783203
Free Memory: 1.0742568969726562
Platform: win32
Uptime: 0.4950911111111111
CPU Model: 12th Gen Intel(R) Core(TM) i5-1235U

Total Memory: 7.692127227783203
Free Memory: 1.0767936706542969
Platform: win32
Uptime: 0.49648
CPU Model: 12th Gen Intel(R) Core(TM) i5-1235U

Total Memory: 7.692127227783203
Free Memory: 1.0215301513671875
Platform: win32
Uptime: 0.49787305555555555
CPU Model: 12th Gen Intel(R) Core(TM) i5-1235U

Total Memory: 7.692127227783203
Free Memory: 1.0237350463867188
Platform: win32
Uptime: 0.49926194444444444
CPU Model: 12th Gen Intel(R) Core(TM) i5-1235U

Total Memory: 7.692127227783203
Free Memory: 0.9918594360351562
Platform: win32
Uptime: 0.5006552777777777
CPU Model: 12th Gen Intel(R) Core(TM) i5-1235U

Total Memory: 7.692127227783203
Free Memory: 0.9832572937011719
Platform: win32
Uptime: 0.5020486111111111
CPU Model: 12th Gen Intel(R) Core(TM) i5-1235U

Total Memory: 7.692127227783203
Free Memory: 0.9655647277832031
Platform: win32
Uptime: 0.5034416666666667
CPU Model: 12th Gen Intel(R) Core(TM) i5-1235U

Total Memory: 7.692127227783203
Free Memory: 0.9753837585449219
Platform: win32
Uptime: 0.5048305555555556
CPU Model: 12th Gen Intel(R) Core(TM) i5-1235U

Total Memory: 7.692127227783203
Free Memory: 0.9880142211914062
Platform: win32
Uptime: 0.5062194444444444
CPU Model: 12th Gen Intel(R) Core(TM) i5-1235U

Total Memory: 7.692127227783203
Free Memory: 0.9684486389160156
Platform: win32
Uptime: 0.5076127777777778
CPU Model: 12th Gen Intel(R) Core(TM) i5-1235U

Total Memory: 7.692127227783203
Free Memory: 0.9753799438476562
Platform: win32
Uptime: 0.5090016666666667
CPU Model: 12th Gen Intel(R) Core(TM) i5-1235U

Total Memory: 7.692127227783203
Free Memory: 0.9601478576660156
Platform: win32
Uptime: 0.5103905555555556
CPU Model: 12th Gen Intel(R) Core(TM) i5-1235U

Total Memory: 7.692127227783203
Free Memory: 0.8968391418457031
Platform: win32
Uptime: 0.5117836111111111
CPU Model: 12th Gen Intel(R) Core(TM) i5-1235U

Total Memory: 7.692127227783203
Free Memory: 0.8850173950195312
Platform: win32
Uptime: 0.5131725
CPU Model: 12th Gen Intel(R) Core(TM) i5-1235U

Total Memory: 7.692127227783203
Free Memory: 0.8980712890625
Platform: win32
Uptime: 0.5145658333333333
CPU Model: 12th Gen Intel(R) Core(TM) i5-1235U

Total Memory: 7.692127227783203
Free Memory: 0.7637748718261719
Platform: win32
Uptime: 0.5159591666666666
CPU Model: 12th Gen Intel(R) Core(TM) i5-1235U

Total Memory: 7.692127227783203
Free Memory: 0.6573219299316406
Platform: win32
Uptime: 0.5173480555555555
CPU Model: 12th Gen Intel(R) Core(TM) i5-1235U

Total Memory: 7.692127227783203
Free Memory: 0.6568412780761719
Platform: win32
Uptime: 0.5187411111111111
CPU Model: 12th Gen Intel(R) Core(TM) i5-1235U

Total Memory: 7.692127227783203
Free Memory: 0.6820335388183594
Platform: win32
Uptime: 0.52013
CPU Model: 12th Gen Intel(R) Core(TM) i5-1235U

Total Memory: 7.692127227783203
Free Memory: 0.6551971435546875
Platform: win32
Uptime: 0.5215188888888889
CPU Model: 12th Gen Intel(R) Core(TM) i5-1235U

Total Memory: 7.692127227783203
Free Memory: 0.6722793579101562
Platform: win32
Uptime: 0.5229122222222222
CPU Model: 12th Gen Intel(R) Core(TM) i5-1235U

Total Memory: 7.692127227783203
Free Memory: 0.659332275390625
Platform: win32
Uptime: 0.5243011111111111
CPU Model: 12th Gen Intel(R) Core(TM) i5-1235U

Total Memory: 7.692127227783203
Free Memory: 0.6236419677734375
Platform: win32
Uptime: 0.52569
CPU Model: 12th Gen Intel(R) Core(TM) i5-1235U

Total Memory: 7.692127227783203
Free Memory: 0.5830345153808594
Platform: win32
Uptime: 0.5270833333333333
CPU Model: 12th Gen Intel(R) Core(TM) i5-1235U

Total Memory: 7.692127227783203
Free Memory: 0.7388725280761719
Platform: win32
Uptime: 0.5284763888888889
CPU Model: 12th Gen Intel(R) Core(TM) i5-1235U

Total Memory: 7.692127227783203
Free Memory: 0.725311279296875
Platform: win32
Uptime: 0.5298652777777778
CPU Model: 12th Gen Intel(R) Core(TM) i5-1235U

Total Memory: 7.692127227783203
Free Memory: 0.7231979370117188
Platform: win32
Uptime: 0.5312586111111111
CPU Model: 12th Gen Intel(R) Core(TM) i5-1235U

Total Memory: 7.692127227783203
Free Memory: 0.7172279357910156
Platform: win32
Uptime: 0.5326474999999999
CPU Model: 12th Gen Intel(R) Core(TM) i5-1235U

Total Memory: 7.692127227783203
Free Memory: 0.9265327453613281
Platform: win32
Uptime: 0.5340405555555555
CPU Model: 12th Gen Intel(R) Core(TM) i5-1235U

Total Memory: 7.692127227783203
Free Memory: 0.9428939819335938
Platform: win32
Uptime: 0.5354294444444445
CPU Model: 12th Gen Intel(R) Core(TM) i5-1235U

Total Memory: 7.692127227783203
Free Memory: 0.9573287963867188
Platform: win32
Uptime: 0.5368227777777778
CPU Model: 12th Gen Intel(R) Core(TM) i5-1235U

Total Memory: 7.692127227783203
Free Memory: 1.0547904968261719
Platform: win32
Uptime: 0.5382116666666666
CPU Model: 12th Gen Intel(R) Core(TM) i5-1235U

Total Memory: 7.692127227783203
Free Memory: 1.0560379028320312
Platform: win32
Uptime: 0.539605
CPU Model: 12th Gen Intel(R) Core(TM) i5-1235U

Total Memory: 7.692127227783203
Free Memory: 0.9079551696777344
Platform: win32
Uptime: 0.5409938888888889
CPU Model: 12th Gen Intel(R) Core(TM) i5-1235U

Total Memory: 7.692127227783203
Free Memory: 0.9901390075683594
Platform: win32
Uptime: 0.5423827777777778
CPU Model: 12th Gen Intel(R) Core(TM) i5-1235U

Total Memory: 7.692127227783203
Free Memory: 0.9428939819335938
Platform: win32
Uptime: 0.5437716666666667
CPU Model: 12th Gen Intel(R) Core(TM) i5-1235U

Total Memory: 7.692127227783203
Free Memory: 0.9474067687988281
Platform: win32
Uptime: 0.5451647222222222
CPU Model: 12th Gen Intel(R) Core(TM) i5-1235U

Total Memory: 7.692127227783203
Free Memory: 0.9132194519042969
Platform: win32
Uptime: 0.5465580555555556
CPU Model: 12th Gen Intel(R) Core(TM) i5-1235U

Total Memory: 7.692127227783203
Free Memory: 1.0062065124511719
Platform: win32
Uptime: 0.5479469444444445
CPU Model: 12th Gen Intel(R) Core(TM) i5-1235U

Total Memory: 7.692127227783203
Free Memory: 1.0469017028808594
Platform: win32
Uptime: 0.5493402777777778
CPU Model: 12th Gen Intel(R) Core(TM) i5-1235U

Total Memory: 7.692127227783203
Free Memory: 1.0766410827636719
Platform: win32
Uptime: 0.5507291666666667
CPU Model: 12th Gen Intel(R) Core(TM) i5-1235U

Total Memory: 7.692127227783203
Free Memory: 1.0758247375488281
Platform: win32
Uptime: 0.5521222222222223
CPU Model: 12th Gen Intel(R) Core(TM) i5-1235U

Total Memory: 7.692127227783203
Free Memory: 1.0843238830566406
Platform: win32
Uptime: 0.5535111111111112
CPU Model: 12th Gen Intel(R) Core(TM) i5-1235U

Total Memory: 7.692127227783203
Free Memory: 1.07574462890625
Platform: win32
Uptime: 0.5549000000000001
CPU Model: 12th Gen Intel(R) Core(TM) i5-1235U

Total Memory: 7.692127227783203
Free Memory: 1.0111732482910156
Platform: win32
Uptime: 0.5562933333333333
CPU Model: 12th Gen Intel(R) Core(TM) i5-1235U

Total Memory: 7.692127227783203
Free Memory: 0.9914016723632812
Platform: win32
Uptime: 0.5576822222222222
CPU Model: 12th Gen Intel(R) Core(TM) i5-1235U

Total Memory: 7.692127227783203
Free Memory: 1.0016555786132812
Platform: win32
Uptime: 0.5590752777777778
CPU Model: 12th Gen Intel(R) Core(TM) i5-1235U

Total Memory: 7.692127227783203
Free Memory: 1.0021286010742188
Platform: win32
Uptime: 0.5604686111111111
CPU Model: 12th Gen Intel(R) Core(TM) i5-1235U

Total Memory: 7.692127227783203
Free Memory: 0.9958724975585938
Platform: win32
Uptime: 0.5618575
CPU Model: 12th Gen Intel(R) Core(TM) i5-1235U

Total Memory: 7.692127227783203
Free Memory: 0.80926513671875
Platform: win32
Uptime: 0.5632463888888889
CPU Model: 12th Gen Intel(R) Core(TM) i5-1235U

Total Memory: 7.692127227783203
Free Memory: 0.8226280212402344
Platform: win32
Uptime: 0.5646397222222223
CPU Model: 12th Gen Intel(R) Core(TM) i5-1235U

Total Memory: 7.692127227783203
Free Memory: 0.815277099609375
Platform: win32
Uptime: 0.5660327777777778
CPU Model: 12th Gen Intel(R) Core(TM) i5-1235U

Total Memory: 7.692127227783203
Free Memory: 0.8640556335449219
Platform: win32
Uptime: 0.5674261111111111
CPU Model: 12th Gen Intel(R) Core(TM) i5-1235U

Total Memory: 7.692127227783203
Free Memory: 0.8727035522460938
Platform: win32
Uptime: 0.568815
CPU Model: 12th Gen Intel(R) Core(TM) i5-1235U

Total Memory: 7.692127227783203
Free Memory: 0.8693466186523438
Platform: win32
Uptime: 0.5702038888888888
CPU Model: 12th Gen Intel(R) Core(TM) i5-1235U

Total Memory: 7.692127227783203
Free Memory: 0.8662681579589844
Platform: win32
Uptime: 0.5715972222222222
CPU Model: 12th Gen Intel(R) Core(TM) i5-1235U

Total Memory: 7.692127227783203
Free Memory: 0.8718414306640625
Platform: win32
Uptime: 0.5729861111111111
CPU Model: 12th Gen Intel(R) Core(TM) i5-1235U

Total Memory: 7.692127227783203
Free Memory: 0.8312187194824219
Platform: win32
Uptime: 0.5743791666666667
CPU Model: 12th Gen Intel(R) Core(TM) i5-1235U

Total Memory: 7.692127227783203
Free Memory: 0.8230552673339844
Platform: win32
Uptime: 0.5757680555555555
CPU Model: 12th Gen Intel(R) Core(TM) i5-1235U

Total Memory: 7.692127227783203
Free Memory: 0.829681396484375
Platform: win32
Uptime: 0.5771613888888889
CPU Model: 12th Gen Intel(R) Core(TM) i5-1235U

Total Memory: 7.692127227783203
Free Memory: 0.8541450500488281
Platform: win32
Uptime: 0.5785502777777778
CPU Model: 12th Gen Intel(R) Core(TM) i5-1235U

Total Memory: 7.692127227783203
Free Memory: 0.855865478515625
Platform: win32
Uptime: 0.5799391666666667
CPU Model: 12th Gen Intel(R) Core(TM) i5-1235U

Total Memory: 7.692127227783203
Free Memory: 0.8435592651367188
Platform: win32
Uptime: 0.5813322222222221
CPU Model: 12th Gen Intel(R) Core(TM) i5-1235U

Total Memory: 7.692127227783203
Free Memory: 0.8276748657226562
Platform: win32
Uptime: 0.582721111111111
CPU Model: 12th Gen Intel(R) Core(TM) i5-1235U

Total Memory: 7.692127227783203
Free Memory: 0.6316413879394531
Platform: win32
Uptime: 0.5841099999999999
CPU Model: 12th Gen Intel(R) Core(TM) i5-1235U

Total Memory: 7.692127227783203
Free Memory: 0.3909568786621094
Platform: win32
Uptime: 0.5855033333333333
CPU Model: 12th Gen Intel(R) Core(TM) i5-1235U

Total Memory: 7.692127227783203
Free Memory: 0.38954925537109375
Platform: win32
Uptime: 0.5868922222222221
CPU Model: 12th Gen Intel(R) Core(TM) i5-1235U

Total Memory: 7.692127227783203
Free Memory: 1.1115036010742188
Platform: win32
Uptime: 0.588281111111111
CPU Model: 12th Gen Intel(R) Core(TM) i5-1235U

Total Memory: 7.692127227783203
Free Memory: 1.0522918701171875
Platform: win32
Uptime: 0.5896744444444444
CPU Model: 12th Gen Intel(R) Core(TM) i5-1235U

Total Memory: 7.692127227783203
Free Memory: 1.0243721008300781
Platform: win32
Uptime: 0.5910675
CPU Model: 12th Gen Intel(R) Core(TM) i5-1235U

Total Memory: 7.692127227783203
Free Memory: 0.97998046875
Platform: win32
Uptime: 0.5924563888888889
CPU Model: 12th Gen Intel(R) Core(TM) i5-1235U

Total Memory: 7.692127227783203
Free Memory: 0.9804420471191406
Platform: win32
Uptime: 0.5938497222222222
CPU Model: 12th Gen Intel(R) Core(TM) i5-1235U

Total Memory: 7.692127227783203
Free Memory: 0.9805450439453125
Platform: win32
Uptime: 0.5952386111111111
CPU Model: 12th Gen Intel(R) Core(TM) i5-1235U

Total Memory: 7.692127227783203
Free Memory: 0.9459152221679688
Platform: win32
Uptime: 0.5966275
CPU Model: 12th Gen Intel(R) Core(TM) i5-1235U

Total Memory: 7.692127227783203
Free Memory: 0.9465370178222656
Platform: win32
Uptime: 0.5980208333333333
CPU Model: 12th Gen Intel(R) Core(TM) i5-1235U

Total Memory: 7.692127227783203
Free Memory: 0.9328880310058594
Platform: win32
Uptime: 0.5994138888888888
CPU Model: 12th Gen Intel(R) Core(TM) i5-1235U

Total Memory: 7.692127227783203
Free Memory: 0.9652976989746094
Platform: win32
Uptime: 0.6008027777777778
CPU Model: 12th Gen Intel(R) Core(TM) i5-1235U

Total Memory: 7.692127227783203
Free Memory: 0.9889945983886719
Platform: win32
Uptime: 0.6021916666666667
CPU Model: 12th Gen Intel(R) Core(TM) i5-1235U

Total Memory: 7.692127227783203
Free Memory: 1.0582695007324219
Platform: win32
Uptime: 0.603585
CPU Model: 12th Gen Intel(R) Core(TM) i5-1235U

Total Memory: 7.692127227783203
Free Memory: 1.0476760864257812
Platform: win32
Uptime: 0.6049738888888889
CPU Model: 12th Gen Intel(R) Core(TM) i5-1235U

Total Memory: 7.692127227783203
Free Memory: 1.048919677734375
Platform: win32
Uptime: 0.6063669444444444
CPU Model: 12th Gen Intel(R) Core(TM) i5-1235U

Total Memory: 7.692127227783203
Free Memory: 1.0211410522460938
Platform: win32
Uptime: 0.6077558333333333
CPU Model: 12th Gen Intel(R) Core(TM) i5-1235U

Total Memory: 7.692127227783203
Free Memory: 0.9738655090332031
Platform: win32
Uptime: 0.6091447222222222
CPU Model: 12th Gen Intel(R) Core(TM) i5-1235U

Total Memory: 7.692127227783203
Free Memory: 0.9675102233886719
Platform: win32
Uptime: 0.6105380555555555
CPU Model: 12th Gen Intel(R) Core(TM) i5-1235U

Total Memory: 7.692127227783203
Free Memory: 0.9556465148925781
Platform: win32
Uptime: 0.6119313888888889
CPU Model: 12th Gen Intel(R) Core(TM) i5-1235U

Total Memory: 7.692127227783203
Free Memory: 0.9262771606445312
Platform: win32
Uptime: 0.6133244444444444
CPU Model: 12th Gen Intel(R) Core(TM) i5-1235U

Total Memory: 7.692127227783203
Free Memory: 0.8981704711914062
Platform: win32
Uptime: 0.6147133333333333
CPU Model: 12th Gen Intel(R) Core(TM) i5-1235U

Total Memory: 7.692127227783203
Free Memory: 1.0147590637207031
Platform: win32
Uptime: 0.6161066666666667
CPU Model: 12th Gen Intel(R) Core(TM) i5-1235U

Total Memory: 7.692127227783203
Free Memory: 1.3802413940429688
Platform: win32
Uptime: 0.6174955555555556
CPU Model: 12th Gen Intel(R) Core(TM) i5-1235U

Total Memory: 7.692127227783203
Free Memory: 1.33477783203125
Platform: win32
Uptime: 0.6188888888888889
CPU Model: 12th Gen Intel(R) Core(TM) i5-1235U

Total Memory: 7.692127227783203
Free Memory: 1.3283500671386719
Platform: win32
Uptime: 0.6202819444444444
CPU Model: 12th Gen Intel(R) Core(TM) i5-1235U

Total Memory: 7.692127227783203
Free Memory: 1.3278312683105469
Platform: win32
Uptime: 0.6216752777777778
CPU Model: 12th Gen Intel(R) Core(TM) i5-1235U

Total Memory: 7.692127227783203
Free Memory: 1.3551559448242188
Platform: win32
Uptime: 0.6230683333333333
CPU Model: 12th Gen Intel(R) Core(TM) i5-1235U

Total Memory: 7.692127227783203
Free Memory: 1.3628616333007812
Platform: win32
Uptime: 0.6244572222222222
CPU Model: 12th Gen Intel(R) Core(TM) i5-1235U

Total Memory: 7.692127227783203
Free Memory: 1.3666152954101562
Platform: win32
Uptime: 0.6258505555555556
CPU Model: 12th Gen Intel(R) Core(TM) i5-1235U

Total Memory: 7.692127227783203
Free Memory: 1.3002548217773438
Platform: win32
Uptime: 0.6272438888888889
CPU Model: 12th Gen Intel(R) Core(TM) i5-1235U

Total Memory: 7.692127227783203
Free Memory: 1.2979583740234375
Platform: win32
Uptime: 0.6286327777777778
CPU Model: 12th Gen Intel(R) Core(TM) i5-1235U

Total Memory: 7.692127227783203
Free Memory: 1.2938613891601562
Platform: win32
Uptime: 0.6300216666666667
CPU Model: 12th Gen Intel(R) Core(TM) i5-1235U

Total Memory: 7.692127227783203
Free Memory: 1.2846794128417969
Platform: win32
Uptime: 0.6314147222222222
CPU Model: 12th Gen Intel(R) Core(TM) i5-1235U

Total Memory: 7.692127227783203
Free Memory: 1.3035697937011719
Platform: win32
Uptime: 0.6328080555555555
CPU Model: 12th Gen Intel(R) Core(TM) i5-1235U

Total Memory: 7.692127227783203
Free Memory: 1.1871223449707031
Platform: win32
Uptime: 0.6341969444444444
CPU Model: 12th Gen Intel(R) Core(TM) i5-1235U

Total Memory: 7.692127227783203
Free Memory: 1.188323974609375
Platform: win32
Uptime: 0.6355902777777778
CPU Model: 12th Gen Intel(R) Core(TM) i5-1235U

Total Memory: 7.692127227783203
Free Memory: 1.1715087890625
Platform: win32
Uptime: 0.6369833333333333
CPU Model: 12th Gen Intel(R) Core(TM) i5-1235U

Total Memory: 7.692127227783203
Free Memory: 1.1602554321289062
Platform: win32
Uptime: 0.6383722222222222
CPU Model: 12th Gen Intel(R) Core(TM) i5-1235U

Total Memory: 7.692127227783203
Free Memory: 1.1281967163085938
Platform: win32
Uptime: 0.6397655555555556
CPU Model: 12th Gen Intel(R) Core(TM) i5-1235U

Total Memory: 7.692127227783203
Free Memory: 1.0932350158691406
Platform: win32
Uptime: 0.641158611111111
CPU Model: 12th Gen Intel(R) Core(TM) i5-1235U

Total Memory: 7.692127227783203
Free Memory: 1.1700897216796875
Platform: win32
Uptime: 0.6425474999999999
CPU Model: 12th Gen Intel(R) Core(TM) i5-1235U

Total Memory: 7.692127227783203
Free Memory: 1.1623268127441406
Platform: win32
Uptime: 0.6439408333333333
CPU Model: 12th Gen Intel(R) Core(TM) i5-1235U

Total Memory: 7.692127227783203
Free Memory: 1.1604843139648438
Platform: win32
Uptime: 0.6453297222222222
CPU Model: 12th Gen Intel(R) Core(TM) i5-1235U

Total Memory: 7.692127227783203
Free Memory: 1.1664466857910156
Platform: win32
Uptime: 0.6467186111111111
CPU Model: 12th Gen Intel(R) Core(TM) i5-1235U

Total Memory: 7.692127227783203
Free Memory: 1.1577529907226562
Platform: win32
Uptime: 0.6481119444444444
CPU Model: 12th Gen Intel(R) Core(TM) i5-1235U

Total Memory: 7.692127227783203
Free Memory: 1.1380271911621094
Platform: win32
Uptime: 0.6495008333333333
CPU Model: 12th Gen Intel(R) Core(TM) i5-1235U

Total Memory: 7.692127227783203
Free Memory: 1.1753768920898438
Platform: win32
Uptime: 0.6508938888888889
CPU Model: 12th Gen Intel(R) Core(TM) i5-1235U

Total Memory: 7.692127227783203
Free Memory: 1.1704826354980469
Platform: win32
Uptime: 0.6522827777777778
CPU Model: 12th Gen Intel(R) Core(TM) i5-1235U

Total Memory: 7.692127227783203
Free Memory: 1.1736946105957031
Platform: win32
Uptime: 0.6536716666666667
CPU Model: 12th Gen Intel(R) Core(TM) i5-1235U

Total Memory: 7.692127227783203
Free Memory: 1.1676673889160156
Platform: win32
Uptime: 0.655065
CPU Model: 12th Gen Intel(R) Core(TM) i5-1235U

Total Memory: 7.692127227783203
Free Memory: 1.1707038879394531
Platform: win32
Uptime: 0.6564538888888889
CPU Model: 12th Gen Intel(R) Core(TM) i5-1235U

Total Memory: 7.692127227783203
Free Memory: 1.1672096252441406
Platform: win32
Uptime: 0.6578472222222222
CPU Model: 12th Gen Intel(R) Core(TM) i5-1235U

Total Memory: 7.692127227783203
Free Memory: 1.1490058898925781
Platform: win32
Uptime: 0.6592402777777777
CPU Model: 12th Gen Intel(R) Core(TM) i5-1235U

Total Memory: 7.692127227783203
Free Memory: 1.1838455200195312
Platform: win32
Uptime: 0.6606291666666666
CPU Model: 12th Gen Intel(R) Core(TM) i5-1235U

Total Memory: 7.692127227783203
Free Memory: 1.2671432495117188
Platform: win32
Uptime: 0.6620180555555555
CPU Model: 12th Gen Intel(R) Core(TM) i5-1235U

Total Memory: 7.692127227783203
Free Memory: 1.2883644104003906
Platform: win32
Uptime: 0.6634113888888888
CPU Model: 12th Gen Intel(R) Core(TM) i5-1235U

Total Memory: 7.692127227783203
Free Memory: 1.2878570556640625
Platform: win32
Uptime: 0.6648002777777777
CPU Model: 12th Gen Intel(R) Core(TM) i5-1235U

Total Memory: 7.692127227783203
Free Memory: 1.2789115905761719
Platform: win32
Uptime: 0.6661933333333333
CPU Model: 12th Gen Intel(R) Core(TM) i5-1235U

Total Memory: 7.692127227783203
Free Memory: 1.2725028991699219
Platform: win32
Uptime: 0.6675780555555555
CPU Model: 12th Gen Intel(R) Core(TM) i5-1235U

Total Memory: 7.692127227783203
Free Memory: 1.280364990234375
Platform: win32
Uptime: 0.6689711111111111
CPU Model: 12th Gen Intel(R) Core(TM) i5-1235U

Total Memory: 7.692127227783203
Free Memory: 1.2792396545410156
Platform: win32
Uptime: 0.67036
CPU Model: 12th Gen Intel(R) Core(TM) i5-1235U

Total Memory: 7.692127227783203
Free Memory: 1.2674064636230469
Platform: win32
Uptime: 0.6717488888888888
CPU Model: 12th Gen Intel(R) Core(TM) i5-1235U

Total Memory: 7.692127227783203
Free Memory: 1.2664680480957031
Platform: win32
Uptime: 0.6731377777777777
CPU Model: 12th Gen Intel(R) Core(TM) i5-1235U

Total Memory: 7.692127227783203
Free Memory: 1.2598495483398438
Platform: win32
Uptime: 0.6745311111111111
CPU Model: 12th Gen Intel(R) Core(TM) i5-1235U

Total Memory: 7.692127227783203
Free Memory: 1.2589950561523438
Platform: win32
Uptime: 0.67592
CPU Model: 12th Gen Intel(R) Core(TM) i5-1235U

Total Memory: 7.692127227783203
Free Memory: 1.2554397583007812
Platform: win32
Uptime: 0.6773088888888888
CPU Model: 12th Gen Intel(R) Core(TM) i5-1235U

Total Memory: 7.692127227783203
Free Memory: 1.2580947875976562
Platform: win32
Uptime: 0.6787022222222222
CPU Model: 12th Gen Intel(R) Core(TM) i5-1235U

Total Memory: 7.692127227783203
Free Memory: 1.1734466552734375
Platform: win32
Uptime: 0.6800911111111111
CPU Model: 12th Gen Intel(R) Core(TM) i5-1235U

Total Memory: 7.692127227783203
Free Memory: 1.2006568908691406
Platform: win32
Uptime: 0.6814841666666667
CPU Model: 12th Gen Intel(R) Core(TM) i5-1235U

Total Memory: 7.692127227783203
Free Memory: 1.2037696838378906
Platform: win32
Uptime: 0.6828730555555556
CPU Model: 12th Gen Intel(R) Core(TM) i5-1235U

Total Memory: 7.692127227783203
Free Memory: 1.2014617919921875
Platform: win32
Uptime: 0.6842663888888889
CPU Model: 12th Gen Intel(R) Core(TM) i5-1235U

Total Memory: 7.692127227783203
Free Memory: 1.3989448547363281
Platform: win32
Uptime: 0.6856552777777778
CPU Model: 12th Gen Intel(R) Core(TM) i5-1235U

Total Memory: 7.692127227783203
Free Memory: 1.4051437377929688
Platform: win32
Uptime: 0.6870486111111112
CPU Model: 12th Gen Intel(R) Core(TM) i5-1235U

Total Memory: 7.692127227783203
Free Memory: 1.4080390930175781
Platform: win32
Uptime: 0.6884375
CPU Model: 12th Gen Intel(R) Core(TM) i5-1235U

Total Memory: 7.692127227783203
Free Memory: 1.4078254699707031
Platform: win32
Uptime: 0.6898263888888889
CPU Model: 12th Gen Intel(R) Core(TM) i5-1235U

Total Memory: 7.692127227783203
Free Memory: 1.37701416015625
Platform: win32
Uptime: 0.6912194444444444
CPU Model: 12th Gen Intel(R) Core(TM) i5-1235U

Total Memory: 7.692127227783203
Free Memory: 1.3702926635742188
Platform: win32
Uptime: 0.6926083333333333
CPU Model: 12th Gen Intel(R) Core(TM) i5-1235U

Total Memory: 7.692127227783203
Free Memory: 1.4264755249023438
Platform: win32
Uptime: 0.6940016666666666
CPU Model: 12th Gen Intel(R) Core(TM) i5-1235U

Total Memory: 7.692127227783203
Free Memory: 1.4185447692871094
Platform: win32
Uptime: 0.6953905555555555
CPU Model: 12th Gen Intel(R) Core(TM) i5-1235U

Total Memory: 7.692127227783203
Free Memory: 1.4186592102050781
Platform: win32
Uptime: 0.6967836111111111
CPU Model: 12th Gen Intel(R) Core(TM) i5-1235U

Total Memory: 7.692127227783203
Free Memory: 1.4205703735351562
Platform: win32
Uptime: 0.6981725
CPU Model: 12th Gen Intel(R) Core(TM) i5-1235U

Total Memory: 7.692127227783203
Free Memory: 1.4189910888671875
Platform: win32
Uptime: 0.6995613888888889
CPU Model: 12th Gen Intel(R) Core(TM) i5-1235U

Total Memory: 7.692127227783203
Free Memory: 1.4669113159179688
Platform: win32
Uptime: 0.7009547222222222
CPU Model: 12th Gen Intel(R) Core(TM) i5-1235U

Total Memory: 7.692127227783203
Free Memory: 1.4599800109863281
Platform: win32
Uptime: 0.7023480555555556
CPU Model: 12th Gen Intel(R) Core(TM) i5-1235U

Total Memory: 7.692127227783203
Free Memory: 1.4574470520019531
Platform: win32
Uptime: 0.7037369444444445
CPU Model: 12th Gen Intel(R) Core(TM) i5-1235U

Total Memory: 7.692127227783203
Free Memory: 1.4506759643554688
Platform: win32
Uptime: 0.7051258333333333
CPU Model: 12th Gen Intel(R) Core(TM) i5-1235U

Total Memory: 7.692127227783203
Free Memory: 1.4553108215332031
Platform: win32
Uptime: 0.7065147222222222
CPU Model: 12th Gen Intel(R) Core(TM) i5-1235U

Total Memory: 7.692127227783203
Free Memory: 1.4496688842773438
Platform: win32
Uptime: 0.7079077777777777
CPU Model: 12th Gen Intel(R) Core(TM) i5-1235U

Total Memory: 7.692127227783203
Free Memory: 1.4543075561523438
Platform: win32
Uptime: 0.709301111111111
CPU Model: 12th Gen Intel(R) Core(TM) i5-1235U

Total Memory: 7.692127227783203
Free Memory: 1.4574966430664062
Platform: win32
Uptime: 0.7106899999999999
CPU Model: 12th Gen Intel(R) Core(TM) i5-1235U

Total Memory: 7.692127227783203
Free Memory: 1.4630165100097656
Platform: win32
Uptime: 0.7120833333333333
CPU Model: 12th Gen Intel(R) Core(TM) i5-1235U

Total Memory: 7.692127227783203
Free Memory: 1.4648971557617188
Platform: win32
Uptime: 0.7134722222222222
CPU Model: 12th Gen Intel(R) Core(TM) i5-1235U

Total Memory: 7.692127227783203
Free Memory: 1.4594230651855469
Platform: win32
Uptime: 0.7148652777777778
CPU Model: 12th Gen Intel(R) Core(TM) i5-1235U

Total Memory: 7.692127227783203
Free Memory: 1.4739723205566406
Platform: win32
Uptime: 0.7162541666666666
CPU Model: 12th Gen Intel(R) Core(TM) i5-1235U

Total Memory: 7.692127227783203
Free Memory: 1.4831047058105469
Platform: win32
Uptime: 0.7176430555555555
CPU Model: 12th Gen Intel(R) Core(TM) i5-1235U

Total Memory: 7.692127227783203
Free Memory: 1.481292724609375
Platform: win32
Uptime: 0.7190363888888889
CPU Model: 12th Gen Intel(R) Core(TM) i5-1235U

Total Memory: 7.692127227783203
Free Memory: 1.4797477722167969
Platform: win32
Uptime: 0.7204252777777778
CPU Model: 12th Gen Intel(R) Core(TM) i5-1235U

Total Memory: 7.692127227783203
Free Memory: 1.4722709655761719
Platform: win32
Uptime: 0.7218141666666666
CPU Model: 12th Gen Intel(R) Core(TM) i5-1235U

Total Memory: 7.692127227783203
Free Memory: 1.4795875549316406
Platform: win32
Uptime: 0.7232072222222222
CPU Model: 12th Gen Intel(R) Core(TM) i5-1235U

Total Memory: 7.692127227783203
Free Memory: 1.4779472351074219
Platform: win32
Uptime: 0.7245961111111111
CPU Model: 12th Gen Intel(R) Core(TM) i5-1235U

Total Memory: 7.692127227783203
Free Memory: 1.4823570251464844
Platform: win32
Uptime: 0.7259894444444445
CPU Model: 12th Gen Intel(R) Core(TM) i5-1235U

Total Memory: 7.692127227783203
Free Memory: 1.3162803649902344
Platform: win32
Uptime: 0.7273827777777778
CPU Model: 12th Gen Intel(R) Core(TM) i5-1235U

Total Memory: 7.692127227783203
Free Memory: 1.2551002502441406
Platform: win32
Uptime: 0.7287716666666667
CPU Model: 12th Gen Intel(R) Core(TM) i5-1235U

Total Memory: 7.692127227783203
Free Memory: 1.3178977966308594
Platform: win32
Uptime: 0.7301647222222222
CPU Model: 12th Gen Intel(R) Core(TM) i5-1235U

Total Memory: 7.692127227783203
Free Memory: 1.354705810546875
Platform: win32
Uptime: 0.7315536111111111
CPU Model: 12th Gen Intel(R) Core(TM) i5-1235U

Total Memory: 7.692127227783203
Free Memory: 1.4043502807617188
Platform: win32
Uptime: 0.7329469444444444
CPU Model: 12th Gen Intel(R) Core(TM) i5-1235U

Total Memory: 7.692127227783203
Free Memory: 1.3942947387695312
Platform: win32
Uptime: 0.7343402777777778
CPU Model: 12th Gen Intel(R) Core(TM) i5-1235U

Total Memory: 7.692127227783203
Free Memory: 1.374053955078125
Platform: win32
Uptime: 0.7357291666666667
CPU Model: 12th Gen Intel(R) Core(TM) i5-1235U

Total Memory: 7.692127227783203
Free Memory: 1.3667411804199219
Platform: win32
Uptime: 0.7371180555555555
CPU Model: 12th Gen Intel(R) Core(TM) i5-1235U

Total Memory: 7.692127227783203
Free Memory: 1.3656463623046875
Platform: win32
Uptime: 0.7385069444444444
CPU Model: 12th Gen Intel(R) Core(TM) i5-1235U

Total Memory: 7.692127227783203
Free Memory: 1.3600082397460938
Platform: win32
Uptime: 0.7398958333333333
CPU Model: 12th Gen Intel(R) Core(TM) i5-1235U

Total Memory: 7.692127227783203
Free Memory: 1.3598098754882812
Platform: win32
Uptime: 0.7412888888888889
CPU Model: 12th Gen Intel(R) Core(TM) i5-1235U

Total Memory: 7.692127227783203
Free Memory: 1.3586082458496094
Platform: win32
Uptime: 0.7426777777777778
CPU Model: 12th Gen Intel(R) Core(TM) i5-1235U

Total Memory: 7.692127227783203
Free Memory: 1.3396453857421875
Platform: win32
Uptime: 0.7440666666666667
CPU Model: 12th Gen Intel(R) Core(TM) i5-1235U

Total Memory: 7.692127227783203
Free Memory: 1.337921142578125
Platform: win32
Uptime: 0.74546
CPU Model: 12th Gen Intel(R) Core(TM) i5-1235U

Total Memory: 7.692127227783203
Free Memory: 1.3404006958007812
Platform: win32
Uptime: 0.7468488888888889
CPU Model: 12th Gen Intel(R) Core(TM) i5-1235U

Total Memory: 7.692127227783203
Free Memory: 1.3306961059570312
Platform: win32
Uptime: 0.7482419444444444
CPU Model: 12th Gen Intel(R) Core(TM) i5-1235U

Total Memory: 7.692127227783203
Free Memory: 1.3296051025390625
Platform: win32
Uptime: 0.7496308333333332
CPU Model: 12th Gen Intel(R) Core(TM) i5-1235U

Total Memory: 7.692127227783203
Free Memory: 1.3367881774902344
Platform: win32
Uptime: 0.7510197222222221
CPU Model: 12th Gen Intel(R) Core(TM) i5-1235U

Total Memory: 7.692127227783203
Free Memory: 1.3346366882324219
Platform: win32
Uptime: 0.752408611111111
CPU Model: 12th Gen Intel(R) Core(TM) i5-1235U

Total Memory: 7.692127227783203
Free Memory: 1.3328742980957031
Platform: win32
Uptime: 0.7538019444444444
CPU Model: 12th Gen Intel(R) Core(TM) i5-1235U

Total Memory: 7.692127227783203
Free Memory: 1.3368453979492188
Platform: win32
Uptime: 0.7551908333333333
CPU Model: 12th Gen Intel(R) Core(TM) i5-1235U

Total Memory: 7.692127227783203
Free Memory: 1.3392715454101562
Platform: win32
Uptime: 0.7565797222222221
CPU Model: 12th Gen Intel(R) Core(TM) i5-1235U

Total Memory: 7.692127227783203
Free Memory: 1.3346290588378906
Platform: win32
Uptime: 0.7579686111111111
CPU Model: 12th Gen Intel(R) Core(TM) i5-1235U

Total Memory: 7.692127227783203
Free Memory: 1.3323898315429688
Platform: win32
Uptime: 0.7593619444444445
CPU Model: 12th Gen Intel(R) Core(TM) i5-1235U

Total Memory: 7.692127227783203
Free Memory: 1.3327560424804688
Platform: win32
Uptime: 0.7607508333333334
CPU Model: 12th Gen Intel(R) Core(TM) i5-1235U

Total Memory: 7.692127227783203
Free Memory: 1.3331794738769531
Platform: win32
Uptime: 0.7621438888888888
CPU Model: 12th Gen Intel(R) Core(TM) i5-1235U

Total Memory: 7.692127227783203
Free Memory: 1.3352890014648438
Platform: win32
Uptime: 0.7635327777777777
CPU Model: 12th Gen Intel(R) Core(TM) i5-1235U

Total Memory: 7.692127227783203
Free Memory: 1.3326911926269531
Platform: win32
Uptime: 0.7649216666666666
CPU Model: 12th Gen Intel(R) Core(TM) i5-1235U

Total Memory: 7.692127227783203
Free Memory: 1.3065032958984375
Platform: win32
Uptime: 0.7663105555555555
CPU Model: 12th Gen Intel(R) Core(TM) i5-1235U

Total Memory: 7.692127227783203
Free Memory: 1.2275314331054688
Platform: win32
Uptime: 0.7677038888888889
CPU Model: 12th Gen Intel(R) Core(TM) i5-1235U

Total Memory: 7.692127227783203
Free Memory: 1.2230796813964844
Platform: win32
Uptime: 0.7690927777777777
CPU Model: 12th Gen Intel(R) Core(TM) i5-1235U

Total Memory: 7.692127227783203
Free Memory: 1.1638946533203125
Platform: win32
Uptime: 0.7704861111111111
CPU Model: 12th Gen Intel(R) Core(TM) i5-1235U

Total Memory: 7.692127227783203
Free Memory: 1.1479644775390625
Platform: win32
Uptime: 0.771875
CPU Model: 12th Gen Intel(R) Core(TM) i5-1235U

Total Memory: 7.692127227783203
Free Memory: 1.1741943359375
Platform: win32
Uptime: 0.7732680555555556
CPU Model: 12th Gen Intel(R) Core(TM) i5-1235U

Total Memory: 7.692127227783203
Free Memory: 1.1377677917480469
Platform: win32
Uptime: 0.7746569444444444
CPU Model: 12th Gen Intel(R) Core(TM) i5-1235U

Total Memory: 7.692127227783203
Free Memory: 1.1477394104003906
Platform: win32
Uptime: 0.7760502777777778
CPU Model: 12th Gen Intel(R) Core(TM) i5-1235U

Total Memory: 7.692127227783203
Free Memory: 1.1457176208496094
Platform: win32
Uptime: 0.7774391666666667
CPU Model: 12th Gen Intel(R) Core(TM) i5-1235U

Total Memory: 7.692127227783203
Free Memory: 1.1437530517578125
Platform: win32
Uptime: 0.7788280555555556
CPU Model: 12th Gen Intel(R) Core(TM) i5-1235U

Total Memory: 7.692127227783203
Free Memory: 1.1041908264160156
Platform: win32
Uptime: 0.7802169444444444
CPU Model: 12th Gen Intel(R) Core(TM) i5-1235U

Total Memory: 7.692127227783203
Free Memory: 1.0348739624023438
Platform: win32
Uptime: 0.7816058333333333
CPU Model: 12th Gen Intel(R) Core(TM) i5-1235U

Total Memory: 7.692127227783203
Free Memory: 1.002532958984375
Platform: win32
Uptime: 0.7829988888888888
CPU Model: 12th Gen Intel(R) Core(TM) i5-1235U

Total Memory: 7.692127227783203
Free Memory: 1.1371002197265625
Platform: win32
Uptime: 0.7843922222222222
CPU Model: 12th Gen Intel(R) Core(TM) i5-1235U

Total Memory: 7.692127227783203
Free Memory: 1.1505317687988281
Platform: win32
Uptime: 0.785781111111111
CPU Model: 12th Gen Intel(R) Core(TM) i5-1235U

Total Memory: 7.692127227783203
Free Memory: 1.1654243469238281
Platform: win32
Uptime: 0.7871744444444444
CPU Model: 12th Gen Intel(R) Core(TM) i5-1235U

Total Memory: 7.692127227783203
Free Memory: 1.1879005432128906
Platform: win32
Uptime: 0.7885633333333333
CPU Model: 12th Gen Intel(R) Core(TM) i5-1235U

Total Memory: 7.692127227783203
Free Memory: 1.235260009765625
Platform: win32
Uptime: 0.7899563888888889
CPU Model: 12th Gen Intel(R) Core(TM) i5-1235U

Total Memory: 7.692127227783203
Free Memory: 1.2370262145996094
Platform: win32
Uptime: 0.7913452777777777
CPU Model: 12th Gen Intel(R) Core(TM) i5-1235U

Total Memory: 7.692127227783203
Free Memory: 1.2578964233398438
Platform: win32
Uptime: 0.7927386111111111
CPU Model: 12th Gen Intel(R) Core(TM) i5-1235U

Total Memory: 7.692127227783203
Free Memory: 1.2486457824707031
Platform: win32
Uptime: 0.7941275
CPU Model: 12th Gen Intel(R) Core(TM) i5-1235U

Total Memory: 7.692127227783203
Free Memory: 1.2521133422851562
Platform: win32
Uptime: 0.7955163888888889
CPU Model: 12th Gen Intel(R) Core(TM) i5-1235U

Total Memory: 7.692127227783203
Free Memory: 1.2339706420898438
Platform: win32
Uptime: 0.7969052777777778
CPU Model: 12th Gen Intel(R) Core(TM) i5-1235U

Total Memory: 7.692127227783203
Free Memory: 1.2324562072753906
Platform: win32
Uptime: 0.7982986111111111
CPU Model: 12th Gen Intel(R) Core(TM) i5-1235U

Total Memory: 7.692127227783203
Free Memory: 1.2753067016601562
Platform: win32
Uptime: 0.7996875
CPU Model: 12th Gen Intel(R) Core(TM) i5-1235U

Total Memory: 7.692127227783203
Free Memory: 1.2657089233398438
Platform: win32
Uptime: 0.8010763888888889
CPU Model: 12th Gen Intel(R) Core(TM) i5-1235U

Total Memory: 7.692127227783203
Free Memory: 1.1273574829101562
Platform: win32
Uptime: 0.8024694444444445
CPU Model: 12th Gen Intel(R) Core(TM) i5-1235U

Total Memory: 7.692127227783203
Free Memory: 1.1119499206542969
Platform: win32
Uptime: 0.8038583333333333
CPU Model: 12th Gen Intel(R) Core(TM) i5-1235U

Total Memory: 7.692127227783203
Free Memory: 1.0206756591796875
Platform: win32
Uptime: 0.8052516666666667
CPU Model: 12th Gen Intel(R) Core(TM) i5-1235U

Total Memory: 7.692127227783203
Free Memory: 1.0441093444824219
Platform: win32
Uptime: 0.8066447222222222
CPU Model: 12th Gen Intel(R) Core(TM) i5-1235U

Total Memory: 7.692127227783203
Free Memory: 1.0491180419921875
Platform: win32
Uptime: 0.8080380555555555
CPU Model: 12th Gen Intel(R) Core(TM) i5-1235U

Total Memory: 7.692127227783203
Free Memory: 1.14093017578125
Platform: win32
Uptime: 0.8094269444444444
CPU Model: 12th Gen Intel(R) Core(TM) i5-1235U

Total Memory: 7.692127227783203
Free Memory: 1.1549453735351562
Platform: win32
Uptime: 0.8108202777777778
CPU Model: 12th Gen Intel(R) Core(TM) i5-1235U

Total Memory: 7.692127227783203
Free Memory: 1.0776443481445312
Platform: win32
Uptime: 0.8122091666666666
CPU Model: 12th Gen Intel(R) Core(TM) i5-1235U

Total Memory: 7.692127227783203
Free Memory: 1.0857887268066406
Platform: win32
Uptime: 0.8135980555555555
CPU Model: 12th Gen Intel(R) Core(TM) i5-1235U

Total Memory: 7.692127227783203
Free Memory: 1.2067375183105469
Platform: win32
Uptime: 0.8149869444444444
CPU Model: 12th Gen Intel(R) Core(TM) i5-1235U

Total Memory: 7.692127227783203
Free Memory: 1.2128715515136719
Platform: win32
Uptime: 0.8163758333333333
CPU Model: 12th Gen Intel(R) Core(TM) i5-1235U

Total Memory: 7.692127227783203
Free Memory: 1.2186050415039062
Platform: win32
Uptime: 0.8177688888888889
CPU Model: 12th Gen Intel(R) Core(TM) i5-1235U

Total Memory: 7.692127227783203
Free Memory: 1.2263526916503906
Platform: win32
Uptime: 0.8191577777777778
CPU Model: 12th Gen Intel(R) Core(TM) i5-1235U

Total Memory: 7.692127227783203
Free Memory: 1.2279243469238281
Platform: win32
Uptime: 0.8205466666666666
CPU Model: 12th Gen Intel(R) Core(TM) i5-1235U

Total Memory: 7.692127227783203
Free Memory: 1.2163543701171875
Platform: win32
Uptime: 0.8219355555555555
CPU Model: 12th Gen Intel(R) Core(TM) i5-1235U

Total Memory: 7.692127227783203
Free Memory: 1.2294197082519531
Platform: win32
Uptime: 0.8233244444444444
CPU Model: 12th Gen Intel(R) Core(TM) i5-1235U

Total Memory: 7.692127227783203
Free Memory: 1.2415618896484375
Platform: win32
Uptime: 0.8247177777777778
CPU Model: 12th Gen Intel(R) Core(TM) i5-1235U

Total Memory: 7.692127227783203
Free Memory: 1.2288131713867188
Platform: win32
Uptime: 0.8261111111111111
CPU Model: 12th Gen Intel(R) Core(TM) i5-1235U

Total Memory: 7.692127227783203
Free Memory: 1.2351799011230469
Platform: win32
Uptime: 0.8275
CPU Model: 12th Gen Intel(R) Core(TM) i5-1235U

Total Memory: 7.692127227783203
Free Memory: 1.2235832214355469
Platform: win32
Uptime: 0.8288930555555555
CPU Model: 12th Gen Intel(R) Core(TM) i5-1235U

Total Memory: 7.692127227783203
Free Memory: 1.2448959350585938
Platform: win32
Uptime: 0.8302819444444444
CPU Model: 12th Gen Intel(R) Core(TM) i5-1235U

Total Memory: 7.692127227783203
Free Memory: 1.2357025146484375
Platform: win32
Uptime: 0.8316752777777777
CPU Model: 12th Gen Intel(R) Core(TM) i5-1235U

Total Memory: 7.692127227783203
Free Memory: 1.2240715026855469
Platform: win32
Uptime: 0.8330641666666666
CPU Model: 12th Gen Intel(R) Core(TM) i5-1235U

Total Memory: 7.692127227783203
Free Memory: 1.2425422668457031
Platform: win32
Uptime: 0.8344572222222222
CPU Model: 12th Gen Intel(R) Core(TM) i5-1235U

Total Memory: 7.692127227783203
Free Memory: 1.229888916015625
Platform: win32
Uptime: 0.8358461111111111
CPU Model: 12th Gen Intel(R) Core(TM) i5-1235U

Total Memory: 7.692127227783203
Free Memory: 1.2213897705078125
Platform: win32
Uptime: 0.8372394444444444
CPU Model: 12th Gen Intel(R) Core(TM) i5-1235U

Total Memory: 7.692127227783203
Free Memory: 1.21844482421875
Platform: win32
Uptime: 0.8386283333333333
CPU Model: 12th Gen Intel(R) Core(TM) i5-1235U

Total Memory: 7.692127227783203
Free Memory: 1.2046623229980469
Platform: win32
Uptime: 0.8400216666666667
CPU Model: 12th Gen Intel(R) Core(TM) i5-1235U

Total Memory: 7.692127227783203
Free Memory: 1.2047996520996094
Platform: win32
Uptime: 0.8414105555555556
CPU Model: 12th Gen Intel(R) Core(TM) i5-1235U

Total Memory: 7.692127227783203
Free Memory: 1.2230453491210938
Platform: win32
Uptime: 0.8427994444444444
CPU Model: 12th Gen Intel(R) Core(TM) i5-1235U

Total Memory: 7.692127227783203
Free Memory: 1.0900421142578125
Platform: win32
Uptime: 0.8441883333333333
CPU Model: 12th Gen Intel(R) Core(TM) i5-1235U

Total Memory: 7.692127227783203
Free Memory: 1.0846290588378906
Platform: win32
Uptime: 0.8455813888888889
CPU Model: 12th Gen Intel(R) Core(TM) i5-1235U

Total Memory: 7.692127227783203
Free Memory: 1.0937576293945312
Platform: win32
Uptime: 0.8469747222222223
CPU Model: 12th Gen Intel(R) Core(TM) i5-1235U

Total Memory: 7.692127227783203
Free Memory: 1.0902786254882812
Platform: win32
Uptime: 0.8483636111111111
CPU Model: 12th Gen Intel(R) Core(TM) i5-1235U

Total Memory: 7.692127227783203
Free Memory: 1.079742431640625
Platform: win32
Uptime: 0.8497569444444445
CPU Model: 12th Gen Intel(R) Core(TM) i5-1235U

Total Memory: 7.692127227783203
Free Memory: 1.0925331115722656
Platform: win32
Uptime: 0.8511458333333334
CPU Model: 12th Gen Intel(R) Core(TM) i5-1235U

Total Memory: 7.692127227783203
Free Memory: 1.0789909362792969
Platform: win32
Uptime: 0.8525347222222223
CPU Model: 12th Gen Intel(R) Core(TM) i5-1235U

Total Memory: 7.692127227783203
Free Memory: 1.0959968566894531
Platform: win32
Uptime: 0.8539277777777777
CPU Model: 12th Gen Intel(R) Core(TM) i5-1235U

Total Memory: 7.692127227783203
Free Memory: 1.0937652587890625
Platform: win32
Uptime: 0.8553166666666666
CPU Model: 12th Gen Intel(R) Core(TM) i5-1235U

Total Memory: 7.692127227783203
Free Memory: 1.0911369323730469
Platform: win32
Uptime: 0.8567055555555555
CPU Model: 12th Gen Intel(R) Core(TM) i5-1235U

Total Memory: 7.692127227783203
Free Memory: 1.0268020629882812
Platform: win32
Uptime: 0.8580988888888889
CPU Model: 12th Gen Intel(R) Core(TM) i5-1235U

Total Memory: 7.692127227783203
Free Memory: 1.0370368957519531
Platform: win32
Uptime: 0.8594877777777777
CPU Model: 12th Gen Intel(R) Core(TM) i5-1235U

Total Memory: 7.692127227783203
Free Memory: 1.0316314697265625
Platform: win32
Uptime: 0.8608766666666666
CPU Model: 12th Gen Intel(R) Core(TM) i5-1235U

Total Memory: 7.692127227783203
Free Memory: 1.0283584594726562
Platform: win32
Uptime: 0.8622697222222222
CPU Model: 12th Gen Intel(R) Core(TM) i5-1235U

Total Memory: 7.692127227783203
Free Memory: 1.0268630981445312
Platform: win32
Uptime: 0.8636630555555556
CPU Model: 12th Gen Intel(R) Core(TM) i5-1235U

Total Memory: 7.692127227783203
Free Memory: 1.0224266052246094
Platform: win32
Uptime: 0.8650563888888889
CPU Model: 12th Gen Intel(R) Core(TM) i5-1235U

Total Memory: 7.692127227783203
Free Memory: 1.0169143676757812
Platform: win32
Uptime: 0.8664494444444444
CPU Model: 12th Gen Intel(R) Core(TM) i5-1235U

Total Memory: 7.692127227783203
Free Memory: 1.091888427734375
Platform: win32
Uptime: 0.8678383333333333
CPU Model: 12th Gen Intel(R) Core(TM) i5-1235U

Total Memory: 7.692127227783203
Free Memory: 1.0873031616210938
Platform: win32
Uptime: 0.8692272222222222
CPU Model: 12th Gen Intel(R) Core(TM) i5-1235U

Total Memory: 7.692127227783203
Free Memory: 1.0867080688476562
Platform: win32
Uptime: 0.8706205555555555
CPU Model: 12th Gen Intel(R) Core(TM) i5-1235U

Total Memory: 7.692127227783203
Free Memory: 1.0844573974609375
Platform: win32
Uptime: 0.8720094444444444
CPU Model: 12th Gen Intel(R) Core(TM) i5-1235U

Total Memory: 7.692127227783203
Free Memory: 1.2093696594238281
Platform: win32
Uptime: 0.8734027777777778
CPU Model: 12th Gen Intel(R) Core(TM) i5-1235U

Total Memory: 7.692127227783203
Free Memory: 1.226104736328125
Platform: win32
Uptime: 0.8747916666666666
CPU Model: 12th Gen Intel(R) Core(TM) i5-1235U

Total Memory: 7.692127227783203
Free Memory: 1.2216072082519531
Platform: win32
Uptime: 0.8761847222222222
CPU Model: 12th Gen Intel(R) Core(TM) i5-1235U

Total Memory: 7.692127227783203
Free Memory: 1.2230300903320312
Platform: win32
Uptime: 0.8775736111111111
CPU Model: 12th Gen Intel(R) Core(TM) i5-1235U

Total Memory: 7.692127227783203
Free Memory: 1.2263603210449219
Platform: win32
Uptime: 0.8789669444444445
CPU Model: 12th Gen Intel(R) Core(TM) i5-1235U

Total Memory: 7.692127227783203
Free Memory: 1.2260818481445312
Platform: win32
Uptime: 0.8803599999999999
CPU Model: 12th Gen Intel(R) Core(TM) i5-1235U

Total Memory: 7.692127227783203
Free Memory: 1.2947502136230469
Platform: win32
Uptime: 0.8817488888888888
CPU Model: 12th Gen Intel(R) Core(TM) i5-1235U

Total Memory: 7.692127227783203
Free Memory: 1.2925872802734375
Platform: win32
Uptime: 0.8831377777777777
CPU Model: 12th Gen Intel(R) Core(TM) i5-1235U

Total Memory: 7.692127227783203
Free Memory: 1.2862548828125
Platform: win32
Uptime: 0.884531111111111
CPU Model: 12th Gen Intel(R) Core(TM) i5-1235U

Total Memory: 7.692127227783203
Free Memory: 1.29522705078125
Platform: win32
Uptime: 0.8859199999999999
CPU Model: 12th Gen Intel(R) Core(TM) i5-1235U

Total Memory: 7.692127227783203
Free Memory: 1.3068275451660156
Platform: win32
Uptime: 0.8873133333333333
CPU Model: 12th Gen Intel(R) Core(TM) i5-1235U

Total Memory: 7.692127227783203
Free Memory: 1.2939414978027344
Platform: win32
Uptime: 0.8887022222222222
CPU Model: 12th Gen Intel(R) Core(TM) i5-1235U

Total Memory: 7.692127227783203
Free Memory: 1.3003807067871094
Platform: win32
Uptime: 0.8900952777777777
CPU Model: 12th Gen Intel(R) Core(TM) i5-1235U

Total Memory: 7.692127227783203
Free Memory: 1.2991600036621094
Platform: win32
Uptime: 0.8914841666666666
CPU Model: 12th Gen Intel(R) Core(TM) i5-1235U

Total Memory: 7.692127227783203
Free Memory: 1.1553916931152344
Platform: win32
Uptime: 0.8928730555555555
CPU Model: 12th Gen Intel(R) Core(TM) i5-1235U

Total Memory: 7.692127227783203
Free Memory: 1.2211685180664062
Platform: win32
Uptime: 0.8942619444444444
CPU Model: 12th Gen Intel(R) Core(TM) i5-1235U

Total Memory: 7.692127227783203
Free Memory: 1.2254142761230469
Platform: win32
Uptime: 0.8956552777777778
CPU Model: 12th Gen Intel(R) Core(TM) i5-1235U

Total Memory: 7.692127227783203
Free Memory: 1.2190284729003906
Platform: win32
Uptime: 0.8970441666666666
CPU Model: 12th Gen Intel(R) Core(TM) i5-1235U

Total Memory: 7.692127227783203
Free Memory: 1.2128105163574219
Platform: win32
Uptime: 0.8984330555555555
CPU Model: 12th Gen Intel(R) Core(TM) i5-1235U

Total Memory: 7.692127227783203
Free Memory: 1.2002716064453125
Platform: win32
Uptime: 0.8998263888888889
CPU Model: 12th Gen Intel(R) Core(TM) i5-1235U

Total Memory: 7.692127227783203
Free Memory: 1.1913871765136719
Platform: win32
Uptime: 0.9012194444444445
CPU Model: 12th Gen Intel(R) Core(TM) i5-1235U

Total Memory: 7.692127227783203
Free Memory: 1.2067070007324219
Platform: win32
Uptime: 0.9026127777777777
CPU Model: 12th Gen Intel(R) Core(TM) i5-1235U

Total Memory: 7.692127227783203
Free Memory: 1.187835693359375
Platform: win32
Uptime: 0.9040016666666667
CPU Model: 12th Gen Intel(R) Core(TM) i5-1235U

Total Memory: 7.692127227783203
Free Memory: 1.1639900207519531
Platform: win32
Uptime: 0.9053905555555556
CPU Model: 12th Gen Intel(R) Core(TM) i5-1235U

Total Memory: 7.692127227783203
Free Memory: 1.1532630920410156
Platform: win32
Uptime: 0.9067794444444445
CPU Model: 12th Gen Intel(R) Core(TM) i5-1235U

Total Memory: 7.692127227783203
Free Memory: 1.1490707397460938
Platform: win32
Uptime: 0.9081724999999999
CPU Model: 12th Gen Intel(R) Core(TM) i5-1235U

Total Memory: 7.692127227783203
Free Memory: 1.1535491943359375
Platform: win32
Uptime: 0.9095613888888888
CPU Model: 12th Gen Intel(R) Core(TM) i5-1235U

Total Memory: 7.692127227783203
Free Memory: 1.1753273010253906
Platform: win32
Uptime: 0.9109547222222222
CPU Model: 12th Gen Intel(R) Core(TM) i5-1235U

Total Memory: 7.692127227783203
Free Memory: 1.1770401000976562
Platform: win32
Uptime: 0.9123436111111111
CPU Model: 12th Gen Intel(R) Core(TM) i5-1235U

Total Memory: 7.692127227783203
Free Memory: 1.1685905456542969
Platform: win32
Uptime: 0.9137325
CPU Model: 12th Gen Intel(R) Core(TM) i5-1235U

Total Memory: 7.692127227783203
Free Memory: 1.1730766296386719
Platform: win32
Uptime: 0.9151258333333333
CPU Model: 12th Gen Intel(R) Core(TM) i5-1235U

Total Memory: 7.692127227783203
Free Memory: 1.1788825988769531
Platform: win32
Uptime: 0.9165147222222222
CPU Model: 12th Gen Intel(R) Core(TM) i5-1235U

Total Memory: 7.692127227783203
Free Memory: 1.176513671875
Platform: win32
Uptime: 0.9179036111111111
CPU Model: 12th Gen Intel(R) Core(TM) i5-1235U

Total Memory: 7.692127227783203
Free Memory: 1.179931640625
Platform: win32
Uptime: 0.9192966666666667
CPU Model: 12th Gen Intel(R) Core(TM) i5-1235U

Total Memory: 7.692127227783203
Free Memory: 1.16668701171875
Platform: win32
Uptime: 0.9206855555555555
CPU Model: 12th Gen Intel(R) Core(TM) i5-1235U

Total Memory: 7.692127227783203
Free Memory: 1.1647605895996094
Platform: win32
Uptime: 0.9220744444444444
CPU Model: 12th Gen Intel(R) Core(TM) i5-1235U

Total Memory: 7.692127227783203
Free Memory: 1.19866943359375
Platform: win32
Uptime: 0.9234677777777778
CPU Model: 12th Gen Intel(R) Core(TM) i5-1235U

Total Memory: 7.692127227783203
Free Memory: 1.183013916015625
Platform: win32
Uptime: 0.9248566666666667
CPU Model: 12th Gen Intel(R) Core(TM) i5-1235U

Total Memory: 7.692127227783203
Free Memory: 1.1780281066894531
Platform: win32
Uptime: 0.9262455555555555
CPU Model: 12th Gen Intel(R) Core(TM) i5-1235U

Total Memory: 7.692127227783203
Free Memory: 1.175537109375
Platform: win32
Uptime: 0.9276388888888889
CPU Model: 12th Gen Intel(R) Core(TM) i5-1235U

Total Memory: 7.692127227783203
Free Memory: 1.1799583435058594
Platform: win32
Uptime: 0.9290277777777778
CPU Model: 12th Gen Intel(R) Core(TM) i5-1235U

Total Memory: 7.692127227783203
Free Memory: 1.189849853515625
Platform: win32
Uptime: 0.9304208333333333
CPU Model: 12th Gen Intel(R) Core(TM) i5-1235U

Total Memory: 7.692127227783203
Free Memory: 1.1802482604980469
Platform: win32
Uptime: 0.9318097222222221
CPU Model: 12th Gen Intel(R) Core(TM) i5-1235U

Total Memory: 7.692127227783203
Free Memory: 1.1703758239746094
Platform: win32
Uptime: 0.9332030555555555
CPU Model: 12th Gen Intel(R) Core(TM) i5-1235U

Total Memory: 7.692127227783203
Free Memory: 1.1741065979003906
Platform: win32
Uptime: 0.9345961111111111
CPU Model: 12th Gen Intel(R) Core(TM) i5-1235U

Total Memory: 7.692127227783203
Free Memory: 1.172698974609375
Platform: win32
Uptime: 0.935985
CPU Model: 12th Gen Intel(R) Core(TM) i5-1235U

Total Memory: 7.692127227783203
Free Memory: 1.187744140625
Platform: win32
Uptime: 0.9373738888888888
CPU Model: 12th Gen Intel(R) Core(TM) i5-1235U

Total Memory: 7.692127227783203
Free Memory: 1.1866111755371094
Platform: win32
Uptime: 0.9387672222222222
CPU Model: 12th Gen Intel(R) Core(TM) i5-1235U

Total Memory: 7.692127227783203
Free Memory: 1.1872177124023438
Platform: win32
Uptime: 0.9401561111111111
CPU Model: 12th Gen Intel(R) Core(TM) i5-1235U

Total Memory: 7.692127227783203
Free Memory: 1.1249122619628906
Platform: win32
Uptime: 0.9415494444444444
CPU Model: 12th Gen Intel(R) Core(TM) i5-1235U

Total Memory: 7.692127227783203
Free Memory: 1.0301551818847656
Platform: win32
Uptime: 0.9429383333333333
CPU Model: 12th Gen Intel(R) Core(TM) i5-1235U

Total Memory: 7.692127227783203
Free Memory: 0.962921142578125
Platform: win32
Uptime: 0.9443272222222222
CPU Model: 12th Gen Intel(R) Core(TM) i5-1235U

Total Memory: 7.692127227783203
Free Memory: 0.922332763671875
Platform: win32
Uptime: 0.9457202777777778
CPU Model: 12th Gen Intel(R) Core(TM) i5-1235U

Total Memory: 7.692127227783203
Free Memory: 0.9381980895996094
Platform: win32
Uptime: 0.9471091666666667
CPU Model: 12th Gen Intel(R) Core(TM) i5-1235U

Total Memory: 7.692127227783203
Free Memory: 0.9528617858886719
Platform: win32
Uptime: 0.9484980555555556
CPU Model: 12th Gen Intel(R) Core(TM) i5-1235U

Total Memory: 7.692127227783203
Free Memory: 0.960845947265625
Platform: win32
Uptime: 0.9498869444444444
CPU Model: 12th Gen Intel(R) Core(TM) i5-1235U

Total Memory: 7.692127227783203
Free Memory: 1.0889854431152344
Platform: win32
Uptime: 0.9512802777777778
CPU Model: 12th Gen Intel(R) Core(TM) i5-1235U

Total Memory: 7.692127227783203
Free Memory: 1.1163177490234375
Platform: win32
Uptime: 0.9526691666666667
CPU Model: 12th Gen Intel(R) Core(TM) i5-1235U

Total Memory: 7.692127227783203
Free Memory: 1.1176261901855469
Platform: win32
Uptime: 0.9540625
CPU Model: 12th Gen Intel(R) Core(TM) i5-1235U

Total Memory: 7.692127227783203
Free Memory: 1.082305908203125
Platform: win32
Uptime: 0.9554513888888889
CPU Model: 12th Gen Intel(R) Core(TM) i5-1235U

Total Memory: 7.692127227783203
Free Memory: 1.0826339721679688
Platform: win32
Uptime: 0.9568444444444444
CPU Model: 12th Gen Intel(R) Core(TM) i5-1235U

Total Memory: 7.692127227783203
Free Memory: 1.0879249572753906
Platform: win32
Uptime: 0.9582333333333333
CPU Model: 12th Gen Intel(R) Core(TM) i5-1235U

Total Memory: 7.692127227783203
Free Memory: 1.0925254821777344
Platform: win32
Uptime: 0.9596266666666666
CPU Model: 12th Gen Intel(R) Core(TM) i5-1235U

Total Memory: 7.692127227783203
Free Memory: 1.0921401977539062
Platform: win32
Uptime: 0.9610155555555555
CPU Model: 12th Gen Intel(R) Core(TM) i5-1235U

Total Memory: 7.692127227783203
Free Memory: 1.0860633850097656
Platform: win32
Uptime: 0.9624086111111111
CPU Model: 12th Gen Intel(R) Core(TM) i5-1235U

Total Memory: 7.692127227783203
Free Memory: 1.1241416931152344
Platform: win32
Uptime: 0.9637975
CPU Model: 12th Gen Intel(R) Core(TM) i5-1235U

Total Memory: 7.692127227783203
Free Memory: 1.1442642211914062
Platform: win32
Uptime: 0.9651863888888889
CPU Model: 12th Gen Intel(R) Core(TM) i5-1235U

Total Memory: 7.692127227783203
Free Memory: 1.1430931091308594
Platform: win32
Uptime: 0.9665752777777777
CPU Model: 12th Gen Intel(R) Core(TM) i5-1235U

Total Memory: 7.692127227783203
Free Memory: 1.1568641662597656
Platform: win32
Uptime: 0.9679686111111111
CPU Model: 12th Gen Intel(R) Core(TM) i5-1235U

Total Memory: 7.692127227783203
Free Memory: 1.1587295532226562
Platform: win32
Uptime: 0.9693575
CPU Model: 12th Gen Intel(R) Core(TM) i5-1235U

Total Memory: 7.692127227783203
Free Memory: 1.1544876098632812
Platform: win32
Uptime: 0.9707463888888889
CPU Model: 12th Gen Intel(R) Core(TM) i5-1235U

Total Memory: 7.692127227783203
Free Memory: 1.153411865234375
Platform: win32
Uptime: 0.9721352777777778
CPU Model: 12th Gen Intel(R) Core(TM) i5-1235U

Total Memory: 7.692127227783203
Free Memory: 1.0907402038574219
Platform: win32
Uptime: 0.9735286111111111
CPU Model: 12th Gen Intel(R) Core(TM) i5-1235U

Total Memory: 7.692127227783203
Free Memory: 1.1582107543945312
Platform: win32
Uptime: 0.9749175
CPU Model: 12th Gen Intel(R) Core(TM) i5-1235U

Total Memory: 7.692127227783203
Free Memory: 1.158355712890625
Platform: win32
Uptime: 0.9763105555555555
CPU Model: 12th Gen Intel(R) Core(TM) i5-1235U

Total Memory: 7.692127227783203
Free Memory: 1.1589813232421875
Platform: win32
Uptime: 0.9777038888888888
CPU Model: 12th Gen Intel(R) Core(TM) i5-1235U

Total Memory: 7.692127227783203
Free Memory: 1.1647491455078125
Platform: win32
Uptime: 0.9790927777777778
CPU Model: 12th Gen Intel(R) Core(TM) i5-1235U

Total Memory: 7.692127227783203
Free Memory: 1.1648979187011719
Platform: win32
Uptime: 0.9804861111111111
CPU Model: 12th Gen Intel(R) Core(TM) i5-1235U

Total Memory: 7.692127227783203
Free Memory: 1.1588935852050781
Platform: win32
Uptime: 0.981875
CPU Model: 12th Gen Intel(R) Core(TM) i5-1235U

Total Memory: 7.692127227783203
Free Memory: 1.15625
Platform: win32
Uptime: 0.9832638888888889
CPU Model: 12th Gen Intel(R) Core(TM) i5-1235U

Total Memory: 7.692127227783203
Free Memory: 1.1534538269042969
Platform: win32
Uptime: 0.9846527777777778
CPU Model: 12th Gen Intel(R) Core(TM) i5-1235U

Total Memory: 7.692127227783203
Free Memory: 1.14923095703125
Platform: win32
Uptime: 0.9860416666666667
CPU Model: 12th Gen Intel(R) Core(TM) i5-1235U

Total Memory: 7.692127227783203
Free Memory: 1.1485099792480469
Platform: win32
Uptime: 0.9874347222222222
CPU Model: 12th Gen Intel(R) Core(TM) i5-1235U

Total Memory: 7.692127227783203
Free Memory: 1.1401596069335938
Platform: win32
Uptime: 0.9888280555555555
CPU Model: 12th Gen Intel(R) Core(TM) i5-1235U

Total Memory: 7.692127227783203
Free Memory: 1.1376800537109375
Platform: win32
Uptime: 0.9902169444444444
CPU Model: 12th Gen Intel(R) Core(TM) i5-1235U

Total Memory: 7.692127227783203
Free Memory: 1.1305313110351562
Platform: win32
Uptime: 0.9916058333333333
CPU Model: 12th Gen Intel(R) Core(TM) i5-1235U

Total Memory: 7.692127227783203
Free Memory: 1.1330947875976562
Platform: win32
Uptime: 0.9929988888888889
CPU Model: 12th Gen Intel(R) Core(TM) i5-1235U

Total Memory: 7.692127227783203
Free Memory: 1.1317329406738281
Platform: win32
Uptime: 0.9943922222222222
CPU Model: 12th Gen Intel(R) Core(TM) i5-1235U

Total Memory: 7.692127227783203
Free Memory: 1.1373977661132812
Platform: win32
Uptime: 0.9957811111111111
CPU Model: 12th Gen Intel(R) Core(TM) i5-1235U

Total Memory: 7.692127227783203
Free Memory: 1.0895652770996094
Platform: win32
Uptime: 0.9971744444444445
CPU Model: 12th Gen Intel(R) Core(TM) i5-1235U

Total Memory: 7.692127227783203
Free Memory: 1.0846023559570312
Platform: win32
Uptime: 0.9985633333333334
CPU Model: 12th Gen Intel(R) Core(TM) i5-1235U

Total Memory: 7.692127227783203
Free Memory: 1.0839691162109375
Platform: win32
Uptime: 0.9999522222222222
CPU Model: 12th Gen Intel(R) Core(TM) i5-1235U

Total Memory: 7.692127227783203
Free Memory: 1.0693130493164062
Platform: win32
Uptime: 1.0013452777777778
CPU Model: 12th Gen Intel(R) Core(TM) i5-1235U

Total Memory: 7.692127227783203
Free Memory: 1.072662353515625
Platform: win32
Uptime: 1.0027386111111112
CPU Model: 12th Gen Intel(R) Core(TM) i5-1235U

Total Memory: 7.692127227783203
Free Memory: 1.0658912658691406
Platform: win32
Uptime: 1.0041275
CPU Model: 12th Gen Intel(R) Core(TM) i5-1235U

Total Memory: 7.692127227783203
Free Memory: 1.0653305053710938
Platform: win32
Uptime: 1.0055208333333334
CPU Model: 12th Gen Intel(R) Core(TM) i5-1235U

Total Memory: 7.692127227783203
Free Memory: 1.0496406555175781
Platform: win32
Uptime: 1.0069097222222223
CPU Model: 12th Gen Intel(R) Core(TM) i5-1235U

Total Memory: 7.692127227783203
Free Memory: 1.3282661437988281
Platform: win32
Uptime: 1.0083027777777778
CPU Model: 12th Gen Intel(R) Core(TM) i5-1235U

Total Memory: 7.692127227783203
Free Memory: 1.3343772888183594
Platform: win32
Uptime: 1.0096916666666667
CPU Model: 12th Gen Intel(R) Core(TM) i5-1235U

Total Memory: 7.692127227783203
Free Memory: 1.2326164245605469
Platform: win32
Uptime: 1.0110805555555555
CPU Model: 12th Gen Intel(R) Core(TM) i5-1235U

Total Memory: 7.692127227783203
Free Memory: 1.2668571472167969
Platform: win32
Uptime: 1.012473888888889
CPU Model: 12th Gen Intel(R) Core(TM) i5-1235U

Total Memory: 7.692127227783203
Free Memory: 1.4745712280273438
Platform: win32
Uptime: 1.0138627777777778
CPU Model: 12th Gen Intel(R) Core(TM) i5-1235U

Total Memory: 7.692127227783203
Free Memory: 1.4744834899902344
Platform: win32
Uptime: 1.0152516666666667
CPU Model: 12th Gen Intel(R) Core(TM) i5-1235U

Total Memory: 7.692127227783203
Free Memory: 1.3793258666992188
Platform: win32
Uptime: 1.0166447222222221
CPU Model: 12th Gen Intel(R) Core(TM) i5-1235U

Total Memory: 7.692127227783203
Free Memory: 1.2425537109375
Platform: win32
Uptime: 1.018033611111111
CPU Model: 12th Gen Intel(R) Core(TM) i5-1235U

Total Memory: 7.692127227783203
Free Memory: 1.2330284118652344
Platform: win32
Uptime: 1.0194225
CPU Model: 12th Gen Intel(R) Core(TM) i5-1235U

Total Memory: 7.692127227783203
Free Memory: 1.2174110412597656
Platform: win32
Uptime: 1.0208158333333333
CPU Model: 12th Gen Intel(R) Core(TM) i5-1235U

Total Memory: 7.692127227783203
Free Memory: 1.2194480895996094
Platform: win32
Uptime: 1.0222047222222221
CPU Model: 12th Gen Intel(R) Core(TM) i5-1235U

Total Memory: 7.692127227783203
Free Memory: 1.2263908386230469
Platform: win32
Uptime: 1.023593611111111
CPU Model: 12th Gen Intel(R) Core(TM) i5-1235U

Total Memory: 7.692127227783203
Free Memory: 1.1397285461425781
Platform: win32
Uptime: 1.0249869444444444
CPU Model: 12th Gen Intel(R) Core(TM) i5-1235U

Total Memory: 7.692127227783203
Free Memory: 1.1389198303222656
Platform: win32
Uptime: 1.0263758333333333
CPU Model: 12th Gen Intel(R) Core(TM) i5-1235U

Total Memory: 7.692127227783203
Free Memory: 1.1478042602539062
Platform: win32
Uptime: 1.027768888888889
CPU Model: 12th Gen Intel(R) Core(TM) i5-1235U

Total Memory: 7.692127227783203
Free Memory: 1.1693840026855469
Platform: win32
Uptime: 1.0291577777777778
CPU Model: 12th Gen Intel(R) Core(TM) i5-1235U

Total Memory: 7.692127227783203
Free Memory: 1.1565284729003906
Platform: win32
Uptime: 1.0305511111111112
CPU Model: 12th Gen Intel(R) Core(TM) i5-1235U

Total Memory: 7.692127227783203
Free Memory: 1.1383781433105469
Platform: win32
Uptime: 1.0319444444444446
CPU Model: 12th Gen Intel(R) Core(TM) i5-1235U

Total Memory: 7.692127227783203
Free Memory: 1.1382789611816406
Platform: win32
Uptime: 1.0333333333333334
CPU Model: 12th Gen Intel(R) Core(TM) i5-1235U

Total Memory: 7.692127227783203
Free Memory: 1.2221107482910156
Platform: win32
Uptime: 1.034726388888889
CPU Model: 12th Gen Intel(R) Core(TM) i5-1235U

Total Memory: 7.692127227783203
Free Memory: 1.296051025390625
Platform: win32
Uptime: 1.0361152777777778
CPU Model: 12th Gen Intel(R) Core(TM) i5-1235U

Total Memory: 7.692127227783203
Free Memory: 1.2935371398925781
Platform: win32
Uptime: 1.0375041666666667
CPU Model: 12th Gen Intel(R) Core(TM) i5-1235U

Total Memory: 7.692127227783203
Free Memory: 1.2877578735351562
Platform: win32
Uptime: 1.0388975
CPU Model: 12th Gen Intel(R) Core(TM) i5-1235U

Total Memory: 7.692127227783203
Free Memory: 1.260589599609375
Platform: win32
Uptime: 1.0402905555555555
CPU Model: 12th Gen Intel(R) Core(TM) i5-1235U

Total Memory: 7.692127227783203
Free Memory: 1.2455711364746094
Platform: win32
Uptime: 1.0416794444444444
CPU Model: 12th Gen Intel(R) Core(TM) i5-1235U

Total Memory: 7.692127227783203
Free Memory: 1.2482948303222656
Platform: win32
Uptime: 1.0430727777777777
CPU Model: 12th Gen Intel(R) Core(TM) i5-1235U

Total Memory: 7.692127227783203
Free Memory: 1.2359809875488281
Platform: win32
Uptime: 1.0444616666666666
CPU Model: 12th Gen Intel(R) Core(TM) i5-1235U

Total Memory: 7.692127227783203
Free Memory: 1.2250099182128906
Platform: win32
Uptime: 1.045855
CPU Model: 12th Gen Intel(R) Core(TM) i5-1235U

Total Memory: 7.692127227783203
Free Memory: 1.1556053161621094
Platform: win32
Uptime: 1.0472480555555554
CPU Model: 12th Gen Intel(R) Core(TM) i5-1235U

Total Memory: 7.692127227783203
Free Memory: 1.2160606384277344
Platform: win32
Uptime: 1.0486413888888888
CPU Model: 12th Gen Intel(R) Core(TM) i5-1235U

Total Memory: 7.692127227783203
Free Memory: 1.1729240417480469
Platform: win32
Uptime: 1.0500302777777777
CPU Model: 12th Gen Intel(R) Core(TM) i5-1235U

Total Memory: 7.692127227783203
Free Memory: 1.1478309631347656
Platform: win32
Uptime: 1.051423611111111
CPU Model: 12th Gen Intel(R) Core(TM) i5-1235U

Total Memory: 7.692127227783203
Free Memory: 1.1282691955566406
Platform: win32
Uptime: 1.0528166666666667
CPU Model: 12th Gen Intel(R) Core(TM) i5-1235U

Total Memory: 7.692127227783203
Free Memory: 1.1403121948242188
Platform: win32
Uptime: 1.0542055555555556
CPU Model: 12th Gen Intel(R) Core(TM) i5-1235U

Total Memory: 7.692127227783203
Free Memory: 1.1382980346679688
Platform: win32
Uptime: 1.055598888888889
CPU Model: 12th Gen Intel(R) Core(TM) i5-1235U

Total Memory: 7.692127227783203
Free Memory: 1.1327552795410156
Platform: win32
Uptime: 1.0569919444444444
CPU Model: 12th Gen Intel(R) Core(TM) i5-1235U

Total Memory: 7.692127227783203
Free Memory: 1.1470413208007812
Platform: win32
Uptime: 1.0583808333333333
CPU Model: 12th Gen Intel(R) Core(TM) i5-1235U

Total Memory: 7.692127227783203
Free Memory: 1.1598472595214844
Platform: win32
Uptime: 1.0597697222222222
CPU Model: 12th Gen Intel(R) Core(TM) i5-1235U

Total Memory: 7.692127227783203
Free Memory: 1.1496353149414062
Platform: win32
Uptime: 1.061158611111111
CPU Model: 12th Gen Intel(R) Core(TM) i5-1235U

Total Memory: 7.692127227783203
Free Memory: 1.1376457214355469
Platform: win32
Uptime: 1.0625519444444445
CPU Model: 12th Gen Intel(R) Core(TM) i5-1235U

Total Memory: 7.692127227783203
Free Memory: 1.1343231201171875
Platform: win32
Uptime: 1.0639408333333333
CPU Model: 12th Gen Intel(R) Core(TM) i5-1235U

Total Memory: 7.692127227783203
Free Memory: 1.1331901550292969
Platform: win32
Uptime: 1.0653341666666667
CPU Model: 12th Gen Intel(R) Core(TM) i5-1235U

Total Memory: 7.692127227783203
Free Memory: 1.137603759765625
Platform: win32
Uptime: 1.0667272222222222
CPU Model: 12th Gen Intel(R) Core(TM) i5-1235U

Total Memory: 7.692127227783203
Free Memory: 1.1314353942871094
Platform: win32
Uptime: 1.068116111111111
CPU Model: 12th Gen Intel(R) Core(TM) i5-1235U

Total Memory: 7.692127227783203
Free Memory: 1.1256446838378906
Platform: win32
Uptime: 1.069505
CPU Model: 12th Gen Intel(R) Core(TM) i5-1235U

Total Memory: 7.692127227783203
Free Memory: 1.1220474243164062
Platform: win32
Uptime: 1.0708983333333333
CPU Model: 12th Gen Intel(R) Core(TM) i5-1235U

Total Memory: 7.692127227783203
Free Memory: 1.1179466247558594
Platform: win32
Uptime: 1.0722916666666666
CPU Model: 12th Gen Intel(R) Core(TM) i5-1235U

Total Memory: 7.692127227783203
Free Memory: 1.1100502014160156
Platform: win32
Uptime: 1.073684722222222
CPU Model: 12th Gen Intel(R) Core(TM) i5-1235U

Total Memory: 7.692127227783203
Free Memory: 1.1169471740722656
Platform: win32
Uptime: 1.075073611111111
CPU Model: 12th Gen Intel(R) Core(TM) i5-1235U

Total Memory: 7.692127227783203
Free Memory: 1.1130752563476562
Platform: win32
Uptime: 1.0764669444444444
CPU Model: 12th Gen Intel(R) Core(TM) i5-1235U

Total Memory: 7.692127227783203
Free Memory: 1.1556930541992188
Platform: win32
Uptime: 1.07786
CPU Model: 12th Gen Intel(R) Core(TM) i5-1235U

Total Memory: 7.692127227783203
Free Memory: 1.1103248596191406
Platform: win32
Uptime: 1.079248888888889
CPU Model: 12th Gen Intel(R) Core(TM) i5-1235U

Total Memory: 7.692127227783203
Free Memory: 1.1027641296386719
Platform: win32
Uptime: 1.0806422222222223
CPU Model: 12th Gen Intel(R) Core(TM) i5-1235U

Total Memory: 7.692127227783203
Free Memory: 1.1029548645019531
Platform: win32
Uptime: 1.0820311111111112
CPU Model: 12th Gen Intel(R) Core(TM) i5-1235U

Total Memory: 7.692127227783203
Free Memory: 1.1068382263183594
Platform: win32
Uptime: 1.0834244444444445
CPU Model: 12th Gen Intel(R) Core(TM) i5-1235U

Total Memory: 7.692127227783203
Free Memory: 1.0832481384277344
Platform: win32
Uptime: 1.0848133333333334
CPU Model: 12th Gen Intel(R) Core(TM) i5-1235U

Total Memory: 7.692127227783203
Free Memory: 1.0825080871582031
Platform: win32
Uptime: 1.0862063888888889
CPU Model: 12th Gen Intel(R) Core(TM) i5-1235U

Total Memory: 7.692127227783203
Free Memory: 1.1265068054199219
Platform: win32
Uptime: 1.0875997222222222
CPU Model: 12th Gen Intel(R) Core(TM) i5-1235U

Total Memory: 7.692127227783203
Free Memory: 1.1162605285644531
Platform: win32
Uptime: 1.0889930555555556
CPU Model: 12th Gen Intel(R) Core(TM) i5-1235U

Total Memory: 7.692127227783203
Free Memory: 1.1139640808105469
Platform: win32
Uptime: 1.0903819444444445
CPU Model: 12th Gen Intel(R) Core(TM) i5-1235U

Total Memory: 7.692127227783203
Free Memory: 1.1211585998535156
Platform: win32
Uptime: 1.0917708333333334
CPU Model: 12th Gen Intel(R) Core(TM) i5-1235U

Total Memory: 7.692127227783203
Free Memory: 1.1139793395996094
Platform: win32
Uptime: 1.0931638888888888
CPU Model: 12th Gen Intel(R) Core(TM) i5-1235U

Total Memory: 7.692127227783203
Free Memory: 1.1029739379882812
Platform: win32
Uptime: 1.0945527777777777
CPU Model: 12th Gen Intel(R) Core(TM) i5-1235U

Total Memory: 7.692127227783203
Free Memory: 1.1033782958984375
Platform: win32
Uptime: 1.0959416666666666
CPU Model: 12th Gen Intel(R) Core(TM) i5-1235U

Total Memory: 7.692127227783203
Free Memory: 1.0816459655761719
Platform: win32
Uptime: 1.097335
CPU Model: 12th Gen Intel(R) Core(TM) i5-1235U

Total Memory: 7.692127227783203
Free Memory: 1.0794448852539062
Platform: win32
Uptime: 1.0987238888888888
CPU Model: 12th Gen Intel(R) Core(TM) i5-1235U

Total Memory: 7.692127227783203
Free Memory: 1.0860633850097656
Platform: win32
Uptime: 1.1001169444444443
CPU Model: 12th Gen Intel(R) Core(TM) i5-1235U

Total Memory: 7.692127227783203
Free Memory: 1.0927276611328125
Platform: win32
Uptime: 1.1015058333333332
CPU Model: 12th Gen Intel(R) Core(TM) i5-1235U

Total Memory: 7.692127227783203
Free Memory: 1.0862808227539062
Platform: win32
Uptime: 1.102894722222222
CPU Model: 12th Gen Intel(R) Core(TM) i5-1235U

Total Memory: 7.692127227783203
Free Memory: 1.0895462036132812
Platform: win32
Uptime: 1.1042880555555554
CPU Model: 12th Gen Intel(R) Core(TM) i5-1235U

Total Memory: 7.692127227783203
Free Memory: 1.0931320190429688
Platform: win32
Uptime: 1.1056813888888888
CPU Model: 12th Gen Intel(R) Core(TM) i5-1235U

Total Memory: 7.692127227783203
Free Memory: 1.0883903503417969
Platform: win32
Uptime: 1.1070702777777777
CPU Model: 12th Gen Intel(R) Core(TM) i5-1235U

Total Memory: 7.692127227783203
Free Memory: 1.0312385559082031
Platform: win32
Uptime: 1.1084591666666666
CPU Model: 12th Gen Intel(R) Core(TM) i5-1235U

Total Memory: 7.692127227783203
Free Memory: 1.0322532653808594
Platform: win32
Uptime: 1.1098480555555557
CPU Model: 12th Gen Intel(R) Core(TM) i5-1235U

Total Memory: 7.692127227783203
Free Memory: 1.0427970886230469
Platform: win32
Uptime: 1.1112411111111111
CPU Model: 12th Gen Intel(R) Core(TM) i5-1235U

Total Memory: 7.692127227783203
Free Memory: 1.0460090637207031
Platform: win32
Uptime: 1.11263
CPU Model: 12th Gen Intel(R) Core(TM) i5-1235U

Total Memory: 7.692127227783203
Free Memory: 1.0344276428222656
Platform: win32
Uptime: 1.1140233333333334
CPU Model: 12th Gen Intel(R) Core(TM) i5-1235U

Total Memory: 7.692127227783203
Free Memory: 1.0310134887695312
Platform: win32
Uptime: 1.1154166666666667
CPU Model: 12th Gen Intel(R) Core(TM) i5-1235U

Total Memory: 7.692127227783203
Free Memory: 1.0265045166015625
Platform: win32
Uptime: 1.1168055555555556
CPU Model: 12th Gen Intel(R) Core(TM) i5-1235U

Total Memory: 7.692127227783203
Free Memory: 1.0260200500488281
Platform: win32
Uptime: 1.1182030555555555
CPU Model: 12th Gen Intel(R) Core(TM) i5-1235U

Total Memory: 7.692127227783203
Free Memory: 1.0310516357421875
Platform: win32
Uptime: 1.1195919444444444
CPU Model: 12th Gen Intel(R) Core(TM) i5-1235U

Total Memory: 7.692127227783203
Free Memory: 1.0329322814941406
Platform: win32
Uptime: 1.120985
CPU Model: 12th Gen Intel(R) Core(TM) i5-1235U

Total Memory: 7.692127227783203
Free Memory: 0.9234085083007812
Platform: win32
Uptime: 1.1223783333333333
CPU Model: 12th Gen Intel(R) Core(TM) i5-1235U

Total Memory: 7.692127227783203
Free Memory: 1.1605110168457031
Platform: win32
Uptime: 1.1237672222222221
CPU Model: 12th Gen Intel(R) Core(TM) i5-1235U

Total Memory: 7.692127227783203
Free Memory: 1.1720199584960938
Platform: win32
Uptime: 1.125156111111111
CPU Model: 12th Gen Intel(R) Core(TM) i5-1235U

Total Memory: 7.692127227783203
Free Memory: 1.2105369567871094
Platform: win32
Uptime: 1.126545
CPU Model: 12th Gen Intel(R) Core(TM) i5-1235U

Total Memory: 7.692127227783203
Free Memory: 1.1967010498046875
Platform: win32
Uptime: 1.1279383333333333
CPU Model: 12th Gen Intel(R) Core(TM) i5-1235U

Total Memory: 7.692127227783203
Free Memory: 1.1581611633300781
Platform: win32
Uptime: 1.129331388888889
CPU Model: 12th Gen Intel(R) Core(TM) i5-1235U

Total Memory: 7.692127227783203
Free Memory: 1.0226249694824219
Platform: win32
Uptime: 1.1307247222222223
CPU Model: 12th Gen Intel(R) Core(TM) i5-1235U

Total Memory: 7.692127227783203
Free Memory: 1.0615081787109375
Platform: win32
Uptime: 1.1321180555555554
CPU Model: 12th Gen Intel(R) Core(TM) i5-1235U

Total Memory: 7.692127227783203
Free Memory: 1.0581321716308594
Platform: win32
Uptime: 1.1335069444444446
CPU Model: 12th Gen Intel(R) Core(TM) i5-1235U

Total Memory: 7.692127227783203
Free Memory: 1.0696563720703125
Platform: win32
Uptime: 1.1349
CPU Model: 12th Gen Intel(R) Core(TM) i5-1235U

Total Memory: 7.692127227783203
Free Memory: 1.0749130249023438
Platform: win32
Uptime: 1.136288888888889
CPU Model: 12th Gen Intel(R) Core(TM) i5-1235U

Total Memory: 7.692127227783203
Free Memory: 0.8038253784179688
Platform: win32
Uptime: 1.1376777777777778
CPU Model: 12th Gen Intel(R) Core(TM) i5-1235U

Total Memory: 7.692127227783203
Free Memory: 0.9183158874511719
Platform: win32
Uptime: 1.1390711111111111
CPU Model: 12th Gen Intel(R) Core(TM) i5-1235U

Total Memory: 7.692127227783203
Free Memory: 0.8905410766601562
Platform: win32
Uptime: 1.1404641666666668
CPU Model: 12th Gen Intel(R) Core(TM) i5-1235U

Total Memory: 7.692127227783203
Free Memory: 1.1296424865722656
Platform: win32
Uptime: 1.1418530555555557
CPU Model: 12th Gen Intel(R) Core(TM) i5-1235U

Total Memory: 7.692127227783203
Free Memory: 1.1255035400390625
Platform: win32
Uptime: 1.1432463888888889
CPU Model: 12th Gen Intel(R) Core(TM) i5-1235U

Total Memory: 7.692127227783203
Free Memory: 1.1255836486816406
Platform: win32
Uptime: 1.1446397222222224
CPU Model: 12th Gen Intel(R) Core(TM) i5-1235U

Total Memory: 7.692127227783203
Free Memory: 1.1772918701171875
Platform: win32
Uptime: 1.1460286111111113
CPU Model: 12th Gen Intel(R) Core(TM) i5-1235U

Total Memory: 7.692127227783203
Free Memory: 1.1753120422363281
Platform: win32
Uptime: 1.1474175000000002
CPU Model: 12th Gen Intel(R) Core(TM) i5-1235U

Total Memory: 7.692127227783203
Free Memory: 1.1686744689941406
Platform: win32
Uptime: 1.148806388888889
CPU Model: 12th Gen Intel(R) Core(TM) i5-1235U

Total Memory: 7.692127227783203
Free Memory: 1.150634765625
Platform: win32
Uptime: 1.1501994444444443
CPU Model: 12th Gen Intel(R) Core(TM) i5-1235U

Total Memory: 7.692127227783203
Free Memory: 1.1604728698730469
Platform: win32
Uptime: 1.1515883333333332
CPU Model: 12th Gen Intel(R) Core(TM) i5-1235U

Total Memory: 7.692127227783203
Free Memory: 1.1630783081054688
Platform: win32
Uptime: 1.1529816666666668
CPU Model: 12th Gen Intel(R) Core(TM) i5-1235U

Total Memory: 7.692127227783203
Free Memory: 1.1619758605957031
Platform: win32
Uptime: 1.154375
CPU Model: 12th Gen Intel(R) Core(TM) i5-1235U

Total Memory: 7.692127227783203
Free Memory: 1.1666526794433594
Platform: win32
Uptime: 1.1557638888888888
CPU Model: 12th Gen Intel(R) Core(TM) i5-1235U

Total Memory: 7.692127227783203
Free Memory: 1.1622428894042969
Platform: win32
Uptime: 1.1571527777777777
CPU Model: 12th Gen Intel(R) Core(TM) i5-1235U

Total Memory: 7.692127227783203
Free Memory: 1.1632881164550781
Platform: win32
Uptime: 1.1585458333333334
CPU Model: 12th Gen Intel(R) Core(TM) i5-1235U

Total Memory: 7.692127227783203
Free Memory: 1.1327056884765625
Platform: win32
Uptime: 1.1599347222222223
CPU Model: 12th Gen Intel(R) Core(TM) i5-1235U

Total Memory: 7.692127227783203
Free Memory: 1.1885223388671875
Platform: win32
Uptime: 1.1613280555555556
CPU Model: 12th Gen Intel(R) Core(TM) i5-1235U

Total Memory: 7.692127227783203
Free Memory: 1.1991157531738281
Platform: win32
Uptime: 1.1627169444444445
CPU Model: 12th Gen Intel(R) Core(TM) i5-1235U

Total Memory: 7.692127227783203
Free Memory: 1.196563720703125
Platform: win32
Uptime: 1.16411
CPU Model: 12th Gen Intel(R) Core(TM) i5-1235U

Total Memory: 7.692127227783203
Free Memory: 1.1893272399902344
Platform: win32
Uptime: 1.1654988888888889
CPU Model: 12th Gen Intel(R) Core(TM) i5-1235U

Total Memory: 7.692127227783203
Free Memory: 1.1845436096191406
Platform: win32
Uptime: 1.1668922222222222
CPU Model: 12th Gen Intel(R) Core(TM) i5-1235U

Total Memory: 7.692127227783203
Free Memory: 1.1813545227050781
Platform: win32
Uptime: 1.168281111111111
CPU Model: 12th Gen Intel(R) Core(TM) i5-1235U

Total Memory: 7.692127227783203
Free Memory: 1.1844940185546875
Platform: win32
Uptime: 1.16967
CPU Model: 12th Gen Intel(R) Core(TM) i5-1235U

Total Memory: 7.692127227783203
Free Memory: 1.1780433654785156
Platform: win32
Uptime: 1.1710633333333333
CPU Model: 12th Gen Intel(R) Core(TM) i5-1235U

Total Memory: 7.692127227783203
Free Memory: 1.1810150146484375
Platform: win32
Uptime: 1.1724563888888888
CPU Model: 12th Gen Intel(R) Core(TM) i5-1235U

Total Memory: 7.692127227783203
Free Memory: 1.1774635314941406
Platform: win32
Uptime: 1.1738497222222224
CPU Model: 12th Gen Intel(R) Core(TM) i5-1235U

Total Memory: 7.692127227783203
Free Memory: 1.1702308654785156
Platform: win32
Uptime: 1.1752386111111113
CPU Model: 12th Gen Intel(R) Core(TM) i5-1235U

Total Memory: 7.692127227783203
Free Memory: 1.1574516296386719
Platform: win32
Uptime: 1.1766319444444444
CPU Model: 12th Gen Intel(R) Core(TM) i5-1235U

Total Memory: 7.692127227783203
Free Memory: 1.1576995849609375
Platform: win32
Uptime: 1.1780208333333333
CPU Model: 12th Gen Intel(R) Core(TM) i5-1235U

Total Memory: 7.692127227783203
Free Memory: 1.1589622497558594
Platform: win32
Uptime: 1.179413888888889
CPU Model: 12th Gen Intel(R) Core(TM) i5-1235U

Total Memory: 7.692127227783203
Free Memory: 1.1576004028320312
Platform: win32
Uptime: 1.1808072222222221
CPU Model: 12th Gen Intel(R) Core(TM) i5-1235U

Total Memory: 7.692127227783203
Free Memory: 1.1602363586425781
Platform: win32
Uptime: 1.182196111111111
CPU Model: 12th Gen Intel(R) Core(TM) i5-1235U

Total Memory: 7.692127227783203
Free Memory: 1.158660888671875
Platform: win32
Uptime: 1.1835849999999999
CPU Model: 12th Gen Intel(R) Core(TM) i5-1235U

Total Memory: 7.692127227783203
Free Memory: 1.1511993408203125
Platform: win32
Uptime: 1.1849780555555556
CPU Model: 12th Gen Intel(R) Core(TM) i5-1235U

Total Memory: 7.692127227783203
Free Memory: 1.1535987854003906
Platform: win32
Uptime: 1.1863669444444445
CPU Model: 12th Gen Intel(R) Core(TM) i5-1235U

Total Memory: 7.692127227783203
Free Memory: 1.1623458862304688
Platform: win32
Uptime: 1.1877602777777778
CPU Model: 12th Gen Intel(R) Core(TM) i5-1235U

Total Memory: 7.692127227783203
Free Memory: 1.0805816650390625
Platform: win32
Uptime: 1.1891491666666667
CPU Model: 12th Gen Intel(R) Core(TM) i5-1235U

Total Memory: 7.692127227783203
Free Memory: 0.9952163696289062
Platform: win32
Uptime: 1.1905380555555556
CPU Model: 12th Gen Intel(R) Core(TM) i5-1235U

Total Memory: 7.692127227783203
Free Memory: 1.054168701171875
Platform: win32
Uptime: 1.1919269444444445
CPU Model: 12th Gen Intel(R) Core(TM) i5-1235U

Total Memory: 7.692127227783203
Free Memory: 1.0438270568847656
Platform: win32
Uptime: 1.1933202777777778
CPU Model: 12th Gen Intel(R) Core(TM) i5-1235U

Total Memory: 7.692127227783203
Free Memory: 1.0475425720214844
Platform: win32
Uptime: 1.1947133333333333
CPU Model: 12th Gen Intel(R) Core(TM) i5-1235U

Total Memory: 7.692127227783203
Free Memory: 1.0488777160644531
Platform: win32
Uptime: 1.1961022222222222
CPU Model: 12th Gen Intel(R) Core(TM) i5-1235U

Total Memory: 7.692127227783203
Free Memory: 0.9965782165527344
Platform: win32
Uptime: 1.1974955555555558
CPU Model: 12th Gen Intel(R) Core(TM) i5-1235U

Total Memory: 7.692127227783203
Free Memory: 0.9197845458984375
Platform: win32
Uptime: 1.198888888888889
CPU Model: 12th Gen Intel(R) Core(TM) i5-1235U

Total Memory: 7.692127227783203
Free Memory: 0.9138946533203125
Platform: win32
Uptime: 1.2002777777777778
CPU Model: 12th Gen Intel(R) Core(TM) i5-1235U

Total Memory: 7.692127227783203
Free Memory: 1.3726310729980469
Platform: win32
Uptime: 1.2016666666666667
CPU Model: 12th Gen Intel(R) Core(TM) i5-1235U

Total Memory: 7.692127227783203
Free Memory: 1.4653511047363281
Platform: win32
Uptime: 1.2030555555555555
CPU Model: 12th Gen Intel(R) Core(TM) i5-1235U

Total Memory: 7.692127227783203
Free Memory: 1.4665107727050781
Platform: win32
Uptime: 1.2044444444444444
CPU Model: 12th Gen Intel(R) Core(TM) i5-1235U

Total Memory: 7.692127227783203
Free Memory: 1.4623985290527344
Platform: win32
Uptime: 1.2058375000000001
CPU Model: 12th Gen Intel(R) Core(TM) i5-1235U

Total Memory: 7.692127227783203
Free Memory: 1.459381103515625
Platform: win32
Uptime: 1.207226388888889
CPU Model: 12th Gen Intel(R) Core(TM) i5-1235U

Total Memory: 7.692127227783203
Free Memory: 1.4682807922363281
Platform: win32
Uptime: 1.2086152777777779
CPU Model: 12th Gen Intel(R) Core(TM) i5-1235U

Total Memory: 7.692127227783203
Free Memory: 1.4679069519042969
Platform: win32
Uptime: 1.210008611111111
CPU Model: 12th Gen Intel(R) Core(TM) i5-1235U

Total Memory: 7.692127227783203
Free Memory: 1.4799842834472656
Platform: win32
Uptime: 1.2114016666666667
CPU Model: 12th Gen Intel(R) Core(TM) i5-1235U

Total Memory: 7.692127227783203
Free Memory: 1.4719505310058594
Platform: win32
Uptime: 1.212795
CPU Model: 12th Gen Intel(R) Core(TM) i5-1235U

Total Memory: 7.692127227783203
Free Memory: 1.4876747131347656
Platform: win32
Uptime: 1.214183888888889
CPU Model: 12th Gen Intel(R) Core(TM) i5-1235U

Total Memory: 7.692127227783203
Free Memory: 1.5054588317871094
Platform: win32
Uptime: 1.2155727777777778
CPU Model: 12th Gen Intel(R) Core(TM) i5-1235U

Total Memory: 7.692127227783203
Free Memory: 1.4929885864257812
Platform: win32
Uptime: 1.2169661111111112
CPU Model: 12th Gen Intel(R) Core(TM) i5-1235U

Total Memory: 7.692127227783203
Free Memory: 1.4784126281738281
Platform: win32
Uptime: 1.2183591666666667
CPU Model: 12th Gen Intel(R) Core(TM) i5-1235U

Total Memory: 7.692127227783203
Free Memory: 1.4737548828125
Platform: win32
Uptime: 1.2197525
CPU Model: 12th Gen Intel(R) Core(TM) i5-1235U

Total Memory: 7.692127227783203
Free Memory: 1.4668006896972656
Platform: win32
Uptime: 1.2211458333333334
CPU Model: 12th Gen Intel(R) Core(TM) i5-1235U

Total Memory: 7.692127227783203
Free Memory: 1.4283218383789062
Platform: win32
Uptime: 1.2225347222222223
CPU Model: 12th Gen Intel(R) Core(TM) i5-1235U

Total Memory: 7.692127227783203
Free Memory: 1.3153610229492188
Platform: win32
Uptime: 1.2239236111111111
CPU Model: 12th Gen Intel(R) Core(TM) i5-1235U

Total Memory: 7.692127227783203
Free Memory: 1.3486251831054688
Platform: win32
Uptime: 1.2253166666666668
CPU Model: 12th Gen Intel(R) Core(TM) i5-1235U

Total Memory: 7.692127227783203
Free Memory: 1.2653388977050781
Platform: win32
Uptime: 1.22671
CPU Model: 12th Gen Intel(R) Core(TM) i5-1235U

Total Memory: 7.692127227783203
Free Memory: 1.3839035034179688
Platform: win32
Uptime: 1.2281030555555557
CPU Model: 12th Gen Intel(R) Core(TM) i5-1235U

Total Memory: 7.692127227783203
Free Memory: 1.3969688415527344
Platform: win32
Uptime: 1.2294919444444445
CPU Model: 12th Gen Intel(R) Core(TM) i5-1235U

Total Memory: 7.692127227783203
Free Memory: 1.3483543395996094
Platform: win32
Uptime: 1.2308808333333334
CPU Model: 12th Gen Intel(R) Core(TM) i5-1235U

Total Memory: 7.692127227783203
Free Memory: 1.4069290161132812
Platform: win32
Uptime: 1.2322741666666666
CPU Model: 12th Gen Intel(R) Core(TM) i5-1235U

Total Memory: 7.692127227783203
Free Memory: 1.4070777893066406
Platform: win32
Uptime: 1.2336675000000001
CPU Model: 12th Gen Intel(R) Core(TM) i5-1235U

Total Memory: 7.692127227783203
Free Memory: 1.4053955078125
Platform: win32
Uptime: 1.2350605555555556
CPU Model: 12th Gen Intel(R) Core(TM) i5-1235U

Total Memory: 7.692127227783203
Free Memory: 1.4067573547363281
Platform: win32
Uptime: 1.2364494444444445
CPU Model: 12th Gen Intel(R) Core(TM) i5-1235U

Total Memory: 7.692127227783203
Free Memory: 1.4057121276855469
Platform: win32
Uptime: 1.2378383333333334
CPU Model: 12th Gen Intel(R) Core(TM) i5-1235U

Total Memory: 7.692127227783203
Free Memory: 1.4171180725097656
Platform: win32
Uptime: 1.2392272222222223
CPU Model: 12th Gen Intel(R) Core(TM) i5-1235U

Total Memory: 7.692127227783203
Free Memory: 1.3975334167480469
Platform: win32
Uptime: 1.2406205555555556
CPU Model: 12th Gen Intel(R) Core(TM) i5-1235U

Total Memory: 7.692127227783203
Free Memory: 1.3884048461914062
Platform: win32
Uptime: 1.2420094444444445
CPU Model: 12th Gen Intel(R) Core(TM) i5-1235U

Total Memory: 7.692127227783203
Free Memory: 1.365570068359375
Platform: win32
Uptime: 1.2434027777777779
CPU Model: 12th Gen Intel(R) Core(TM) i5-1235U

Total Memory: 7.692127227783203
Free Memory: 1.3604049682617188
Platform: win32
Uptime: 1.2447916666666667
CPU Model: 12th Gen Intel(R) Core(TM) i5-1235U

Total Memory: 7.692127227783203
Free Memory: 1.3546409606933594
Platform: win32
Uptime: 1.2461847222222222
CPU Model: 12th Gen Intel(R) Core(TM) i5-1235U

Total Memory: 7.692127227783203
Free Memory: 1.3502006530761719
Platform: win32
Uptime: 1.247573611111111
CPU Model: 12th Gen Intel(R) Core(TM) i5-1235U

Total Memory: 7.692127227783203
Free Memory: 1.3276329040527344
Platform: win32
Uptime: 1.2489625000000002
CPU Model: 12th Gen Intel(R) Core(TM) i5-1235U

Total Memory: 7.692127227783203
Free Memory: 1.32122802734375
Platform: win32
Uptime: 1.250351388888889
CPU Model: 12th Gen Intel(R) Core(TM) i5-1235U

Total Memory: 7.692127227783203
Free Memory: 1.314056396484375
Platform: win32
Uptime: 1.251740277777778
CPU Model: 12th Gen Intel(R) Core(TM) i5-1235U

Total Memory: 7.692127227783203
Free Memory: 1.284881591796875
Platform: win32
Uptime: 1.253133611111111
CPU Model: 12th Gen Intel(R) Core(TM) i5-1235U

Total Memory: 7.692127227783203
Free Memory: 1.2950973510742188
Platform: win32
Uptime: 1.2545225
CPU Model: 12th Gen Intel(R) Core(TM) i5-1235U

Total Memory: 7.692127227783203
Free Memory: 1.2889747619628906
Platform: win32
Uptime: 1.2559113888888889
CPU Model: 12th Gen Intel(R) Core(TM) i5-1235U

Total Memory: 7.692127227783203
Free Memory: 1.2859306335449219
Platform: win32
Uptime: 1.2573044444444446
CPU Model: 12th Gen Intel(R) Core(TM) i5-1235U

Total Memory: 7.692127227783203
Free Memory: 1.2810325622558594
Platform: win32
Uptime: 1.2586977777777777
CPU Model: 12th Gen Intel(R) Core(TM) i5-1235U

Total Memory: 7.692127227783203
Free Memory: 1.2218589782714844
Platform: win32
Uptime: 1.2600866666666666
CPU Model: 12th Gen Intel(R) Core(TM) i5-1235U

Total Memory: 7.692127227783203
Free Memory: 1.396575927734375
Platform: win32
Uptime: 1.2614755555555555
CPU Model: 12th Gen Intel(R) Core(TM) i5-1235U

Total Memory: 7.692127227783203
Free Memory: 1.3612136840820312
Platform: win32
Uptime: 1.262868888888889
CPU Model: 12th Gen Intel(R) Core(TM) i5-1235U

Total Memory: 7.692127227783203
Free Memory: 1.4027366638183594
Platform: win32
Uptime: 1.264257777777778
CPU Model: 12th Gen Intel(R) Core(TM) i5-1235U

Total Memory: 7.692127227783203
Free Memory: 1.3854560852050781
Platform: win32
Uptime: 1.2656508333333334
CPU Model: 12th Gen Intel(R) Core(TM) i5-1235U

Total Memory: 7.692127227783203
Free Memory: 1.29229736328125
Platform: win32
Uptime: 1.2670397222222223
CPU Model: 12th Gen Intel(R) Core(TM) i5-1235U

Total Memory: 7.692127227783203
Free Memory: 1.0492401123046875
Platform: win32
Uptime: 1.2684330555555556
CPU Model: 12th Gen Intel(R) Core(TM) i5-1235U

Total Memory: 7.692127227783203
Free Memory: 1.1897811889648438
Platform: win32
Uptime: 1.2698219444444445
CPU Model: 12th Gen Intel(R) Core(TM) i5-1235U

Total Memory: 7.692127227783203
Free Memory: 1.3026123046875
Platform: win32
Uptime: 1.2712108333333334
CPU Model: 12th Gen Intel(R) Core(TM) i5-1235U

Total Memory: 7.692127227783203
Free Memory: 1.3589820861816406
Platform: win32
Uptime: 1.2726041666666668
CPU Model: 12th Gen Intel(R) Core(TM) i5-1235U

Total Memory: 7.692127227783203
Free Memory: 1.2852249145507812
Platform: win32
Uptime: 1.2739972222222222
CPU Model: 12th Gen Intel(R) Core(TM) i5-1235U

Total Memory: 7.692127227783203
Free Memory: 1.2700157165527344
Platform: win32
Uptime: 1.2753905555555556
CPU Model: 12th Gen Intel(R) Core(TM) i5-1235U

Total Memory: 7.692127227783203
Free Memory: 1.2837371826171875
Platform: win32
Uptime: 1.2767794444444445
CPU Model: 12th Gen Intel(R) Core(TM) i5-1235U

Total Memory: 7.692127227783203
Free Memory: 1.2619705200195312
Platform: win32
Uptime: 1.2781725000000002
CPU Model: 12th Gen Intel(R) Core(TM) i5-1235U

Total Memory: 7.692127227783203
Free Memory: 1.216522216796875
Platform: win32
Uptime: 1.279561388888889
CPU Model: 12th Gen Intel(R) Core(TM) i5-1235U

Total Memory: 7.692127227783203
Free Memory: 1.2115440368652344
Platform: win32
Uptime: 1.280950277777778
CPU Model: 12th Gen Intel(R) Core(TM) i5-1235U

Total Memory: 7.692127227783203
Free Memory: 1.1965713500976562
Platform: win32
Uptime: 1.2823391666666668
CPU Model: 12th Gen Intel(R) Core(TM) i5-1235U

Total Memory: 7.692127227783203
Free Memory: 1.2010040283203125
Platform: win32
Uptime: 1.2837325
CPU Model: 12th Gen Intel(R) Core(TM) i5-1235U

Total Memory: 7.692127227783203
Free Memory: 1.2603797912597656
Platform: win32
Uptime: 1.2851258333333335
CPU Model: 12th Gen Intel(R) Core(TM) i5-1235U

Total Memory: 7.692127227783203
Free Memory: 1.2673606872558594
Platform: win32
Uptime: 1.2865147222222224
CPU Model: 12th Gen Intel(R) Core(TM) i5-1235U

Total Memory: 7.692127227783203
Free Memory: 1.2869644165039062
Platform: win32
Uptime: 1.2879036111111113
CPU Model: 12th Gen Intel(R) Core(TM) i5-1235U

Total Memory: 7.692127227783203
Free Memory: 1.2618980407714844
Platform: win32
Uptime: 1.2892925000000002
CPU Model: 12th Gen Intel(R) Core(TM) i5-1235U

Total Memory: 7.692127227783203
Free Memory: 1.377105712890625
Platform: win32
Uptime: 1.2906855555555554
CPU Model: 12th Gen Intel(R) Core(TM) i5-1235U

Total Memory: 7.692127227783203
Free Memory: 1.3930702209472656
Platform: win32
Uptime: 1.292078888888889
CPU Model: 12th Gen Intel(R) Core(TM) i5-1235U

Total Memory: 7.692127227783203
Free Memory: 1.3967742919921875
Platform: win32
Uptime: 1.2934722222222221
CPU Model: 12th Gen Intel(R) Core(TM) i5-1235U

Total Memory: 7.692127227783203
Free Memory: 1.3369064331054688
Platform: win32
Uptime: 1.2948652777777778
CPU Model: 12th Gen Intel(R) Core(TM) i5-1235U

Total Memory: 7.692127227783203
Free Memory: 1.433074951171875
Platform: win32
Uptime: 1.2962541666666667
CPU Model: 12th Gen Intel(R) Core(TM) i5-1235U

Total Memory: 7.692127227783203
Free Memory: 1.4353904724121094
Platform: win32
Uptime: 1.2976475
CPU Model: 12th Gen Intel(R) Core(TM) i5-1235U

Total Memory: 7.692127227783203
Free Memory: 1.4695663452148438
Platform: win32
Uptime: 1.299036388888889
CPU Model: 12th Gen Intel(R) Core(TM) i5-1235U

Total Memory: 7.692127227783203
Free Memory: 1.4760971069335938
Platform: win32
Uptime: 1.3004252777777778
CPU Model: 12th Gen Intel(R) Core(TM) i5-1235U

Total Memory: 7.692127227783203
Free Memory: 1.4964752197265625
Platform: win32
Uptime: 1.3018183333333333
CPU Model: 12th Gen Intel(R) Core(TM) i5-1235U

Total Memory: 7.692127227783203
Free Memory: 1.41876220703125
Platform: win32
Uptime: 1.3032072222222224
CPU Model: 12th Gen Intel(R) Core(TM) i5-1235U

Total Memory: 7.692127227783203
Free Memory: 1.3625640869140625
Platform: win32
Uptime: 1.3046005555555555
CPU Model: 12th Gen Intel(R) Core(TM) i5-1235U

Total Memory: 7.692127227783203
Free Memory: 1.4105110168457031
Platform: win32
Uptime: 1.3059894444444444
CPU Model: 12th Gen Intel(R) Core(TM) i5-1235U

Total Memory: 7.692127227783203
Free Memory: 1.3065261840820312
Platform: win32
Uptime: 1.307382777777778
CPU Model: 12th Gen Intel(R) Core(TM) i5-1235U

Total Memory: 7.692127227783203
Free Memory: 1.3613777160644531
Platform: win32
Uptime: 1.3087716666666669
CPU Model: 12th Gen Intel(R) Core(TM) i5-1235U

Total Memory: 7.692127227783203
Free Memory: 1.3446044921875
Platform: win32
Uptime: 1.3101647222222221
CPU Model: 12th Gen Intel(R) Core(TM) i5-1235U

Total Memory: 7.692127227783203
Free Memory: 1.3691024780273438
Platform: win32
Uptime: 1.311553611111111
CPU Model: 12th Gen Intel(R) Core(TM) i5-1235U

Total Memory: 7.692127227783203
Free Memory: 1.3730125427246094
Platform: win32
Uptime: 1.3129469444444446
CPU Model: 12th Gen Intel(R) Core(TM) i5-1235U

Total Memory: 7.692127227783203
Free Memory: 1.3649711608886719
Platform: win32
Uptime: 1.3143358333333335
CPU Model: 12th Gen Intel(R) Core(TM) i5-1235U

Total Memory: 7.692127227783203
Free Memory: 1.3645668029785156
Platform: win32
Uptime: 1.3157247222222224
CPU Model: 12th Gen Intel(R) Core(TM) i5-1235U

Total Memory: 7.692127227783203
Free Memory: 1.3932914733886719
Platform: win32
Uptime: 1.3171180555555555
CPU Model: 12th Gen Intel(R) Core(TM) i5-1235U

Total Memory: 7.692127227783203
Free Memory: 1.4046287536621094
Platform: win32
Uptime: 1.3185069444444444
CPU Model: 12th Gen Intel(R) Core(TM) i5-1235U

Total Memory: 7.692127227783203
Free Memory: 1.4005088806152344
Platform: win32
Uptime: 1.3198958333333333
CPU Model: 12th Gen Intel(R) Core(TM) i5-1235U

Total Memory: 7.692127227783203
Free Memory: 1.4030570983886719
Platform: win32
Uptime: 1.321288888888889
CPU Model: 12th Gen Intel(R) Core(TM) i5-1235U

Total Memory: 7.692127227783203
Free Memory: 1.4248771667480469
Platform: win32
Uptime: 1.3226777777777778
CPU Model: 12th Gen Intel(R) Core(TM) i5-1235U

Total Memory: 7.692127227783203
Free Memory: 1.420135498046875
Platform: win32
Uptime: 1.3240711111111112
CPU Model: 12th Gen Intel(R) Core(TM) i5-1235U

Total Memory: 7.692127227783203
Free Memory: 1.4230117797851562
Platform: win32
Uptime: 1.32546
CPU Model: 12th Gen Intel(R) Core(TM) i5-1235U

Total Memory: 7.692127227783203
Free Memory: 1.4203414916992188
Platform: win32
Uptime: 1.326848888888889
CPU Model: 12th Gen Intel(R) Core(TM) i5-1235U

Total Memory: 7.692127227783203
Free Memory: 1.4278144836425781
Platform: win32
Uptime: 1.3282419444444444
CPU Model: 12th Gen Intel(R) Core(TM) i5-1235U

Total Memory: 7.692127227783203
Free Memory: 1.4259834289550781
Platform: win32
Uptime: 1.3296308333333333
CPU Model: 12th Gen Intel(R) Core(TM) i5-1235U

Total Memory: 7.692127227783203
Free Memory: 1.3994560241699219
Platform: win32
Uptime: 1.3310197222222222
CPU Model: 12th Gen Intel(R) Core(TM) i5-1235U

Total Memory: 7.692127227783203
Free Memory: 1.3939857482910156
Platform: win32
Uptime: 1.3324130555555556
CPU Model: 12th Gen Intel(R) Core(TM) i5-1235U

Total Memory: 7.692127227783203
Free Memory: 1.4090309143066406
Platform: win32
Uptime: 1.3338019444444444
CPU Model: 12th Gen Intel(R) Core(TM) i5-1235U

Total Memory: 7.692127227783203
Free Memory: 1.4079971313476562
Platform: win32
Uptime: 1.3351952777777778
CPU Model: 12th Gen Intel(R) Core(TM) i5-1235U

Total Memory: 7.692127227783203
Free Memory: 1.3977928161621094
Platform: win32
Uptime: 1.3365883333333333
CPU Model: 12th Gen Intel(R) Core(TM) i5-1235U

Total Memory: 7.692127227783203
Free Memory: 1.3939285278320312
Platform: win32
Uptime: 1.3379816666666668
CPU Model: 12th Gen Intel(R) Core(TM) i5-1235U

Total Memory: 7.692127227783203
Free Memory: 1.3942527770996094
Platform: win32
Uptime: 1.3393705555555557
CPU Model: 12th Gen Intel(R) Core(TM) i5-1235U

Total Memory: 7.692127227783203
Free Memory: 1.4434661865234375
Platform: win32
Uptime: 1.3407594444444446
CPU Model: 12th Gen Intel(R) Core(TM) i5-1235U

Total Memory: 7.692127227783203
Free Memory: 1.4249153137207031
Platform: win32
Uptime: 1.3421527777777778
CPU Model: 12th Gen Intel(R) Core(TM) i5-1235U

Total Memory: 7.692127227783203
Free Memory: 1.4502105712890625
Platform: win32
Uptime: 1.3435416666666666
CPU Model: 12th Gen Intel(R) Core(TM) i5-1235U

Total Memory: 7.692127227783203
Free Memory: 1.4343605041503906
Platform: win32
Uptime: 1.3449347222222223
CPU Model: 12th Gen Intel(R) Core(TM) i5-1235U

Total Memory: 7.692127227783203
Free Memory: 1.6467857360839844
Platform: win32
Uptime: 1.3463280555555555
CPU Model: 12th Gen Intel(R) Core(TM) i5-1235U

Total Memory: 7.692127227783203
Free Memory: 1.6473350524902344
Platform: win32
Uptime: 1.3477211111111111
CPU Model: 12th Gen Intel(R) Core(TM) i5-1235U

Total Memory: 7.692127227783203
Free Memory: 1.5985527038574219
Platform: win32
Uptime: 1.34911
CPU Model: 12th Gen Intel(R) Core(TM) i5-1235U

Total Memory: 7.692127227783203
Free Memory: 1.5757484436035156
Platform: win32
Uptime: 1.3505033333333334
CPU Model: 12th Gen Intel(R) Core(TM) i5-1235U

Total Memory: 7.692127227783203
Free Memory: 1.5619697570800781
Platform: win32
Uptime: 1.3518966666666667
CPU Model: 12th Gen Intel(R) Core(TM) i5-1235U

Total Memory: 7.692127227783203
Free Memory: 1.342071533203125
Platform: win32
Uptime: 1.3532855555555556
CPU Model: 12th Gen Intel(R) Core(TM) i5-1235U

Total Memory: 7.692127227783203
Free Memory: 1.3102951049804688
Platform: win32
Uptime: 1.354678611111111
CPU Model: 12th Gen Intel(R) Core(TM) i5-1235U

Total Memory: 7.692127227783203
Free Memory: 1.3119049072265625
Platform: win32
Uptime: 1.3560675
CPU Model: 12th Gen Intel(R) Core(TM) i5-1235U

Total Memory: 7.692127227783203
Free Memory: 1.3165321350097656
Platform: win32
Uptime: 1.3574608333333333
CPU Model: 12th Gen Intel(R) Core(TM) i5-1235U

Total Memory: 7.692127227783203
Free Memory: 1.2784309387207031
Platform: win32
Uptime: 1.3588497222222222
CPU Model: 12th Gen Intel(R) Core(TM) i5-1235U

Total Memory: 7.692127227783203
Free Memory: 1.2800865173339844
Platform: win32
Uptime: 1.360238611111111
CPU Model: 12th Gen Intel(R) Core(TM) i5-1235U

Total Memory: 7.692127227783203
Free Memory: 1.2830696105957031
Platform: win32
Uptime: 1.3616275000000002
CPU Model: 12th Gen Intel(R) Core(TM) i5-1235U

Total Memory: 7.692127227783203
Free Memory: 1.2880935668945312
Platform: win32
Uptime: 1.3630208333333333
CPU Model: 12th Gen Intel(R) Core(TM) i5-1235U

Total Memory: 7.692127227783203
Free Memory: 1.2842330932617188
Platform: win32
Uptime: 1.3644097222222222
CPU Model: 12th Gen Intel(R) Core(TM) i5-1235U

Total Memory: 7.692127227783203
Free Memory: 1.2760772705078125
Platform: win32
Uptime: 1.3658072222222222
CPU Model: 12th Gen Intel(R) Core(TM) i5-1235U

Total Memory: 7.692127227783203
Free Memory: 1.2759056091308594
Platform: win32
Uptime: 1.367196111111111
CPU Model: 12th Gen Intel(R) Core(TM) i5-1235U

Total Memory: 7.692127227783203
Free Memory: 1.2756309509277344
Platform: win32
Uptime: 1.368585
CPU Model: 12th Gen Intel(R) Core(TM) i5-1235U

Total Memory: 7.692127227783203
Free Memory: 1.2813453674316406
Platform: win32
Uptime: 1.3699738888888888
CPU Model: 12th Gen Intel(R) Core(TM) i5-1235U

Total Memory: 7.692127227783203
Free Memory: 1.2805976867675781
Platform: win32
Uptime: 1.3713669444444445
CPU Model: 12th Gen Intel(R) Core(TM) i5-1235U

Total Memory: 7.692127227783203
Free Memory: 1.2772331237792969
Platform: win32
Uptime: 1.3727602777777776
CPU Model: 12th Gen Intel(R) Core(TM) i5-1235U

Total Memory: 7.692127227783203
Free Memory: 1.2765769958496094
Platform: win32
Uptime: 1.3741536111111112
CPU Model: 12th Gen Intel(R) Core(TM) i5-1235U

Total Memory: 7.692127227783203
Free Memory: 1.2841072082519531
Platform: win32
Uptime: 1.3755425000000001
CPU Model: 12th Gen Intel(R) Core(TM) i5-1235U

Total Memory: 7.692127227783203
Free Memory: 1.2879562377929688
Platform: win32
Uptime: 1.3769355555555556
CPU Model: 12th Gen Intel(R) Core(TM) i5-1235U

Total Memory: 7.692127227783203
Free Memory: 1.2974586486816406
Platform: win32
Uptime: 1.378328888888889
CPU Model: 12th Gen Intel(R) Core(TM) i5-1235U

Total Memory: 7.692127227783203
Free Memory: 1.266357421875
Platform: win32
Uptime: 1.3797222222222223
CPU Model: 12th Gen Intel(R) Core(TM) i5-1235U

Total Memory: 7.692127227783203
Free Memory: 1.2694664001464844
Platform: win32
Uptime: 1.3811111111111112
CPU Model: 12th Gen Intel(R) Core(TM) i5-1235U

Total Memory: 7.692127227783203
Free Memory: 1.2942390441894531
Platform: win32
Uptime: 1.3825041666666669
CPU Model: 12th Gen Intel(R) Core(TM) i5-1235U

Total Memory: 7.692127227783203
Free Memory: 1.3270034790039062
Platform: win32
Uptime: 1.3838975
CPU Model: 12th Gen Intel(R) Core(TM) i5-1235U

Total Memory: 7.692127227783203
Free Memory: 1.3157272338867188
Platform: win32
Uptime: 1.3852863888888889
CPU Model: 12th Gen Intel(R) Core(TM) i5-1235U

Total Memory: 7.692127227783203
Free Memory: 1.3013267517089844
Platform: win32
Uptime: 1.3866752777777778
CPU Model: 12th Gen Intel(R) Core(TM) i5-1235U

Total Memory: 7.692127227783203
Free Memory: 1.30169677734375
Platform: win32
Uptime: 1.3880683333333335
CPU Model: 12th Gen Intel(R) Core(TM) i5-1235U

Total Memory: 7.692127227783203
Free Memory: 1.3014030456542969
Platform: win32
Uptime: 1.3894616666666666
CPU Model: 12th Gen Intel(R) Core(TM) i5-1235U

Total Memory: 7.692127227783203
Free Memory: 1.3039436340332031
Platform: win32
Uptime: 1.3908505555555555
CPU Model: 12th Gen Intel(R) Core(TM) i5-1235U

Total Memory: 7.692127227783203
Free Memory: 1.3046913146972656
Platform: win32
Uptime: 1.392243888888889
CPU Model: 12th Gen Intel(R) Core(TM) i5-1235U

Total Memory: 7.692127227783203
Free Memory: 1.3052711486816406
Platform: win32
Uptime: 1.393632777777778
CPU Model: 12th Gen Intel(R) Core(TM) i5-1235U

Total Memory: 7.692127227783203
Free Memory: 1.30499267578125
Platform: win32
Uptime: 1.3950216666666668
CPU Model: 12th Gen Intel(R) Core(TM) i5-1235U

Total Memory: 7.692127227783203
Free Memory: 1.3063430786132812
Platform: win32
Uptime: 1.396414722222222
CPU Model: 12th Gen Intel(R) Core(TM) i5-1235U

Total Memory: 7.692127227783203
Free Memory: 1.3030204772949219
Platform: win32
Uptime: 1.3978036111111112
CPU Model: 12th Gen Intel(R) Core(TM) i5-1235U

Total Memory: 7.692127227783203
Free Memory: 1.3395309448242188
Platform: win32
Uptime: 1.3992013888888888
CPU Model: 12th Gen Intel(R) Core(TM) i5-1235U

Total Memory: 7.692127227783203
Free Memory: 1.3377838134765625
Platform: win32
Uptime: 1.4005902777777777
CPU Model: 12th Gen Intel(R) Core(TM) i5-1235U

Total Memory: 7.692127227783203
Free Memory: 1.3352928161621094
Platform: win32
Uptime: 1.4019791666666668
CPU Model: 12th Gen Intel(R) Core(TM) i5-1235U

Total Memory: 7.692127227783203
Free Memory: 1.3400039672851562
Platform: win32
Uptime: 1.4033680555555557
CPU Model: 12th Gen Intel(R) Core(TM) i5-1235U

Total Memory: 7.692127227783203
Free Memory: 1.3374099731445312
Platform: win32
Uptime: 1.4047611111111111
CPU Model: 12th Gen Intel(R) Core(TM) i5-1235U

Total Memory: 7.692127227783203
Free Memory: 1.3408279418945312
Platform: win32
Uptime: 1.4061544444444445
CPU Model: 12th Gen Intel(R) Core(TM) i5-1235U

Total Memory: 7.692127227783203
Free Memory: 1.3389625549316406
Platform: win32
Uptime: 1.4075475000000002
CPU Model: 12th Gen Intel(R) Core(TM) i5-1235U

Total Memory: 7.692127227783203
Free Memory: 1.3371696472167969
Platform: win32
Uptime: 1.408936388888889
CPU Model: 12th Gen Intel(R) Core(TM) i5-1235U

Total Memory: 7.692127227783203
Free Memory: 1.3372535705566406
Platform: win32
Uptime: 1.410325277777778
CPU Model: 12th Gen Intel(R) Core(TM) i5-1235U

Total Memory: 7.692127227783203
Free Memory: 1.3363876342773438
Platform: win32
Uptime: 1.4117141666666668
CPU Model: 12th Gen Intel(R) Core(TM) i5-1235U

Total Memory: 7.692127227783203
Free Memory: 1.3383598327636719
Platform: win32
Uptime: 1.4131030555555557
CPU Model: 12th Gen Intel(R) Core(TM) i5-1235U

Total Memory: 7.692127227783203
Free Memory: 1.3321990966796875
Platform: win32
Uptime: 1.4144963888888888
CPU Model: 12th Gen Intel(R) Core(TM) i5-1235U

Total Memory: 7.692127227783203
Free Memory: 1.3380279541015625
Platform: win32
Uptime: 1.4158852777777777
CPU Model: 12th Gen Intel(R) Core(TM) i5-1235U

Total Memory: 7.692127227783203
Free Memory: 1.3375511169433594
Platform: win32
Uptime: 1.4172741666666666
CPU Model: 12th Gen Intel(R) Core(TM) i5-1235U

Total Memory: 7.692127227783203
Free Memory: 1.33270263671875
Platform: win32
Uptime: 1.4186675000000002
CPU Model: 12th Gen Intel(R) Core(TM) i5-1235U

Total Memory: 7.692127227783203
Free Memory: 1.3329315185546875
Platform: win32
Uptime: 1.420056388888889
CPU Model: 12th Gen Intel(R) Core(TM) i5-1235U

Total Memory: 7.692127227783203
Free Memory: 1.3223991394042969
Platform: win32
Uptime: 1.4214494444444443
CPU Model: 12th Gen Intel(R) Core(TM) i5-1235U

Total Memory: 7.692127227783203
Free Memory: 1.3007583618164062
Platform: win32
Uptime: 1.4228383333333332
CPU Model: 12th Gen Intel(R) Core(TM) i5-1235U

Total Memory: 7.692127227783203
Free Memory: 1.29632568359375
Platform: win32
Uptime: 1.4242316666666668
CPU Model: 12th Gen Intel(R) Core(TM) i5-1235U

Total Memory: 7.692127227783203
Free Memory: 1.2907752990722656
Platform: win32
Uptime: 1.4256205555555557
CPU Model: 12th Gen Intel(R) Core(TM) i5-1235U

Total Memory: 7.692127227783203
Free Memory: 1.2894020080566406
Platform: win32
Uptime: 1.4270049999999999
CPU Model: 12th Gen Intel(R) Core(TM) i5-1235U

Total Memory: 7.692127227783203
Free Memory: 1.2992744445800781
Platform: win32
Uptime: 1.4283983333333334
CPU Model: 12th Gen Intel(R) Core(TM) i5-1235U

Total Memory: 7.692127227783203
Free Memory: 1.2946128845214844
Platform: win32
Uptime: 1.4297872222222223
CPU Model: 12th Gen Intel(R) Core(TM) i5-1235U

Total Memory: 7.692127227783203
Free Memory: 1.277313232421875
Platform: win32
Uptime: 1.4311805555555555
CPU Model: 12th Gen Intel(R) Core(TM) i5-1235U

Total Memory: 7.692127227783203
Free Memory: 1.2597312927246094
Platform: win32
Uptime: 1.4325736111111111
CPU Model: 12th Gen Intel(R) Core(TM) i5-1235U

Total Memory: 7.692127227783203
Free Memory: 1.2160377502441406
Platform: win32
Uptime: 1.4339669444444445
CPU Model: 12th Gen Intel(R) Core(TM) i5-1235U

Total Memory: 7.692127227783203
Free Memory: 1.2328758239746094
Platform: win32
Uptime: 1.43536
CPU Model: 12th Gen Intel(R) Core(TM) i5-1235U

Total Memory: 7.692127227783203
Free Memory: 1.2319488525390625
Platform: win32
Uptime: 1.436748888888889
CPU Model: 12th Gen Intel(R) Core(TM) i5-1235U

Total Memory: 7.692127227783203
Free Memory: 1.1859970092773438
Platform: win32
Uptime: 1.438137777777778
CPU Model: 12th Gen Intel(R) Core(TM) i5-1235U

Total Memory: 7.692127227783203
Free Memory: 1.2399978637695312
Platform: win32
Uptime: 1.4395266666666668
CPU Model: 12th Gen Intel(R) Core(TM) i5-1235U

Total Memory: 7.692127227783203
Free Memory: 1.2171440124511719
Platform: win32
Uptime: 1.44092
CPU Model: 12th Gen Intel(R) Core(TM) i5-1235U

Total Memory: 7.692127227783203
Free Memory: 1.1626396179199219
Platform: win32
Uptime: 1.4423133333333336
CPU Model: 12th Gen Intel(R) Core(TM) i5-1235U

Total Memory: 7.692127227783203
Free Memory: 1.1653213500976562
Platform: win32
Uptime: 1.4437022222222224
CPU Model: 12th Gen Intel(R) Core(TM) i5-1235U

Total Memory: 7.692127227783203
Free Memory: 1.1599388122558594
Platform: win32
Uptime: 1.4450911111111113
CPU Model: 12th Gen Intel(R) Core(TM) i5-1235U

Total Memory: 7.692127227783203
Free Memory: 1.0262908935546875
Platform: win32
Uptime: 1.4464800000000002
CPU Model: 12th Gen Intel(R) Core(TM) i5-1235U

Total Memory: 7.692127227783203
Free Memory: 1.0071372985839844
Platform: win32
Uptime: 1.4478730555555555
CPU Model: 12th Gen Intel(R) Core(TM) i5-1235U

Total Memory: 7.692127227783203
Free Memory: 0.9947319030761719
Platform: win32
Uptime: 1.449266388888889
CPU Model: 12th Gen Intel(R) Core(TM) i5-1235U

Total Memory: 7.692127227783203
Free Memory: 1.0073280334472656
Platform: win32
Uptime: 1.4506597222222222
CPU Model: 12th Gen Intel(R) Core(TM) i5-1235U

Total Memory: 7.692127227783203
Free Memory: 1.22735595703125
Platform: win32
Uptime: 1.4520527777777779
CPU Model: 12th Gen Intel(R) Core(TM) i5-1235U

Total Memory: 7.692127227783203
Free Memory: 1.2808189392089844
Platform: win32
Uptime: 1.4534416666666667
CPU Model: 12th Gen Intel(R) Core(TM) i5-1235U

Total Memory: 7.692127227783203
Free Memory: 1.3351478576660156
Platform: win32
Uptime: 1.4548305555555556
CPU Model: 12th Gen Intel(R) Core(TM) i5-1235U

Total Memory: 7.692127227783203
Free Memory: 1.3381919860839844
Platform: win32
Uptime: 1.456223888888889
CPU Model: 12th Gen Intel(R) Core(TM) i5-1235U

Total Memory: 7.692127227783203
Free Memory: 1.3347358703613281
Platform: win32
Uptime: 1.457621388888889
CPU Model: 12th Gen Intel(R) Core(TM) i5-1235U

Total Memory: 7.692127227783203
Free Memory: 1.3283309936523438
Platform: win32
Uptime: 1.4590102777777778
CPU Model: 12th Gen Intel(R) Core(TM) i5-1235U

Total Memory: 7.692127227783203
Free Memory: 1.3308639526367188
Platform: win32
Uptime: 1.4604036111111112
CPU Model: 12th Gen Intel(R) Core(TM) i5-1235U

Total Memory: 7.692127227783203
Free Memory: 1.3339462280273438
Platform: win32
Uptime: 1.4617966666666666
CPU Model: 12th Gen Intel(R) Core(TM) i5-1235U

Total Memory: 7.692127227783203
Free Memory: 1.3503227233886719
Platform: win32
Uptime: 1.4631855555555555
CPU Model: 12th Gen Intel(R) Core(TM) i5-1235U

Total Memory: 7.692127227783203
Free Memory: 1.3505134582519531
Platform: win32
Uptime: 1.464578888888889
CPU Model: 12th Gen Intel(R) Core(TM) i5-1235U

Total Memory: 7.692127227783203
Free Memory: 1.40069580078125
Platform: win32
Uptime: 1.4659722222222222
CPU Model: 12th Gen Intel(R) Core(TM) i5-1235U

Total Memory: 7.692127227783203
Free Memory: 1.412811279296875
Platform: win32
Uptime: 1.467365277777778
CPU Model: 12th Gen Intel(R) Core(TM) i5-1235U

Total Memory: 7.692127227783203
Free Memory: 1.3954238891601562
Platform: win32
Uptime: 1.4687541666666668
CPU Model: 12th Gen Intel(R) Core(TM) i5-1235U

Total Memory: 7.692127227783203
Free Memory: 1.3867416381835938
Platform: win32
Uptime: 1.4701430555555557
CPU Model: 12th Gen Intel(R) Core(TM) i5-1235U

Total Memory: 7.692127227783203
Free Memory: 1.3907012939453125
Platform: win32
Uptime: 1.4715363888888888
CPU Model: 12th Gen Intel(R) Core(TM) i5-1235U

Total Memory: 7.692127227783203
Free Memory: 1.3760566711425781
Platform: win32
Uptime: 1.4729294444444445
CPU Model: 12th Gen Intel(R) Core(TM) i5-1235U

Total Memory: 7.692127227783203
Free Memory: 1.2765655517578125
Platform: win32
Uptime: 1.4743227777777776
CPU Model: 12th Gen Intel(R) Core(TM) i5-1235U

Total Memory: 7.692127227783203
Free Memory: 1.3697662353515625
Platform: win32
Uptime: 1.4757116666666665
CPU Model: 12th Gen Intel(R) Core(TM) i5-1235U

Total Memory: 7.692127227783203
Free Memory: 1.3633232116699219
Platform: win32
Uptime: 1.4771005555555554
CPU Model: 12th Gen Intel(R) Core(TM) i5-1235U

Total Memory: 7.692127227783203
Free Memory: 1.3618507385253906
Platform: win32
Uptime: 1.478493888888889
CPU Model: 12th Gen Intel(R) Core(TM) i5-1235U

Total Memory: 7.692127227783203
Free Memory: 1.3754501342773438
Platform: win32
Uptime: 1.4798869444444445
CPU Model: 12th Gen Intel(R) Core(TM) i5-1235U

